COL1,COL2,SMILES
NM,A1,CN1C(/C=C/C2=CC=C(OCCCC)C=C2)=[N+](CCCCCC(NCCN)=O)C3=CC=CC=C31
,A2,CN1C(/C=C/C2=CC=C(OCCCCC)C=C2)=[N+](CCCCCC(NCCN)=O)C3=CC=CC=C31
,A3,CN1C(/C=C/C2=CC=C(OCO3)C3=C2)=[N+](CCCCCC(NCCN)=O)C4=CC=CC=C41
,A4,CN1C(/C=C/C2=CC=CC3=C2OCO3)=[N+](CCCCCC(NCCN)=O)C4=CC=CC=C41
,A5,CN1C(/C=C/C2=CC=CC(OC)=C2OC)=[N+](CCCCCC(NCCN)=O)C3=CC=CC=C31
,A6,CN1C(/C=C/C2=CC=C(OC)C(OC)=C2)=[N+](CCCCCC(NCCN)=O)C3=CC=CC=C31
,A7,CN1C(/C=C/C2=CC=C(OC)C(OC)=C2OC)=[N+](CCCCCC(NCCN)=O)C3=CC=CC=C31
,A8,CN1C(/C=C/C2=CC(OC)=CC=C2OC)=[N+](CCCCCC(NCCN)=O)C3=CC=CC=C31
,A9,CN1C(/C=C/C2=CC(OC)=C(OC)C=C2OC)=[N+](CCCCCC(NCCN)=O)C3=CC=CC=C31
,A10,CN1C(/C=C/C2=CC(C(F)(F)F)=CC(C(F)(F)F)=C2)=[N+](CCCCCC(NCCN)=O)C3=CC=CC=C31
,B1,CN1C(/C=C/C2=CC=C(OC)C(OCC3=CC=CC=C3)=C2)=[N+](CCCCCC(NCCN)=O)C4=CC=CC=C41
,B2,CN1C(/C=C/C2=CC=C(OCC3=CC=CC=C3)C(OCC4=CC=CC=C4)=C2)=[N+](CCCCCC(NCCN)=O)C5=CC=CC=C51
,B3,CN1C(/C=C/C2=C(OCC3=CC=CC=C3)C=C(OC)C(OC)=C2)=[N+](CCCCCC(NCCN)=O)C4=CC=CC=C41
,B4,CN1C(/C=C/C2=CC=CC(OC3=CC=C(OC)C=C3)=C2)=[N+](CCCCCC(NCCN)=O)C4=CC=CC=C41
,B5,CN1C(/C=C/C2=CC=C(OC3=CC=CC=C3)C=C2)=[N+](CCCCCC(NCCN)=O)C4=CC=CC=C41
,B6,CN1C(/C=C/C2=CC=CC(OC3=CC=CC=C3)=C2)=[N+](CCCCCC(NCCN)=O)C4=CC=CC=C41
,B7,CN1C(/C=C/C2=CC=CC=C2C3=CC=CC=C3)=[N+](CCCCCC(NCCN)=O)C4=CC=CC=C41
,B8,CN1C(/C=C/C2=CC=C(C3=CC=CC=C3)C=C2)=[N+](CCCCCC(NCCN)=O)C4=CC=CC=C41
,B9,CN1C(/C=C/C2=C(C)C=C(C)C=C2C)=[N+](CCCCCC(NCCN)=O)C3=CC=CC=C31
,B10,CN1C(/C=C/C2=C(C)C(C)=C(C)C(C)=C2C)=[N+](CCCCCC(NCCN)=O)C3=CC=CC=C31
,C1,CN1C(/C=C/C2=CC=C(/C=C/C3=CC=CC=C3)C=C2)=[N+](CCCCCC(NCCN)=O)C4=CC=CC=C41
,C2,CN1C(/C=C/C=C(C2=CC=CC=C2)/C3=CC=CC=C3)=[N+](CCCCCC(NCCN)=O)C4=CC=CC=C41
,C3,CN1C(/C=C/C2=CC=C(OCC=C)C=C2)=[N+](CCCCCC(NCCN)=O)C3=CC=CC=C31
,C4,CN1C(/C=C/C=C/C2=CC=CC=C2)=[N+](CCCCCC(NCCN)=O)C3=CC=CC=C31
,C5,CN1C(/C=C/C=C/C2=C([N+]([O-])=O)C=CC=C2)=[N+](CCCCCC(NCCN)=O)C3=CC=CC=C31
,C6,CN1C(/C=C/C2=C(C=CC=C3)C3=CC4=C2C=CC=C4)=[N+](CCCCCC(NCCN)=O)C5=CC=CC=C51
,C7,CN1C(/C=C/C2=NC(C=CC=C3)=C3C=C2)=[N+](CCCCCC(NCCN)=O)C4=CC=CC=C41
,C8,CN1C(/C=C/C2=CC=C(N(CC)C3=C4C=CC=C3)C4=C2)=[N+](CCCCCC(NCCN)=O)C5=CC=CC=C51
,C9,CN1C(/C=C/C2=CC=C(C3=NC=CC=C3)C=C2)=[N+](CCCCCC(NCCN)=O)C4=CC=CC=C41
,C10,CN1C(/C=C/C2=CC=C(C3=CC=CS3)S2)=[N+](CCCCCC(NCCN)=O)C4=CC=CC=C41
,D1,CN1C(/C=C/C2=CC=C3C4=C2C=CC=C4CC3)=[N+](CCCCCC(NCCN)=O)C5=CC=CC=C51
,D2,CN1C(/C=C/C2=CC(C=CC=C3)=C3C4=C2C=CC=C4)=[N+](CCCCCC(NCCN)=O)C5=CC=CC=C51
,D3,CN1C(/C=C/C2=CC=C(C=C(OC)C=C3)C3=C2)=[N+](CCCCCC(NCCN)=O)C4=CC=CC=C41
,D4,CN1C(/C=C/C2=C(C)C=CC3=C2C=CC=C3)=[N+](CCCCCC(NCCN)=O)C4=CC=CC=C41
,D5,CN1C(/C=C/C2=C(OC)C=CC3=C2C=CC=C3)=[N+](CCCCCC(NCCN)=O)C4=CC=CC=C41
,D6,CN1C(/C=C/C2=CC=C(C)C3=C2C=CC=C3)=[N+](CCCCCC(NCCN)=O)C4=CC=CC=C41
,D7,CN1C(/C=C/C2=CC=CC3=C2C=CC=C3)=[N+](CCCCCC(NCCN)=O)C4=CC=CC=C41
,D8,CN1C(/C=C/C2=CC=C(C=CC=C3)C3=C2)=[N+](CCCCCC(NCCN)=O)C4=CC=CC=C41
,D9,CN1C(/C=C/C2=CC=C(C(C)C)C=C2)=[N+](CCCCCC(NCCN)=O)C3=CC=CC=C31
,D10,CN1C(/C=C/C2=CC=CC(OC)=C2)=[N+](CCCCCC(NCCN)=O)C3=CC=CC=C31
,E1,CN1C(/C=C/C2=C(Cl)C=CC=C2Cl)=[N+](CCCCCC(NCCN)=O)C3=CC=CC=C31
,E2,CN1C(/C=C/C2=C(OC)C(OC)=CC(Br)=C2)=[N+](CCCCCC(NCCN)=O)C3=CC=CC=C31
,E3,CN1C(/C=C/C2=C(OC)C=C(OC)C=C2OC)=[N+](CCCCCC(NCCN)=O)C3=CC=CC=C31
,E4,CN1C(/C=C/C2=CC(OC)=C(OC)C(OC)=C2)=[N+](CCCCCC(NCCN)=O)C3=CC=CC=C31
,E5,CN1C(/C=C/C2=CC=C(OCCCN(C)C)C=C2)=[N+](CCCCCC(NCCN)=O)C3=CC=CC=C31
,E6,CN1C(/C=C/C2=CC=CC(Br)=C2)=[N+](CCCCCC(NCCN)=O)C3=CC=CC=C31
,E7,CN1C(/C=C/C2=CC=C(Br)C=C2)=[N+](CCCCCC(NCCN)=O)C3=CC=CC=C31
,E8,CN1C(/C=C/C2=C(O)C=CC(I)=C2)=[N+](CCCCCC(NCCN)=O)C3=CC=CC=C31
,E9,CN1C(/C=C/C2=CC=C(OCC3=CC=C(Br)C=C3)C=C2)=[N+](CCCCCC(NCCN)=O)C4=CC=CC=C41
,E10,CN1C(/C=C/C2=CC(C=CC=C3)=C3N2C)=[N+](CCCCCC(NCCN)=O)C4=CC=CC=C41
,F1,CN1C(/C=C/C2=CC=C(N(CCC#N)C)C=C2)=[N+](CCCCCC(NCCN)=O)C3=CC=CC=C31
,F2,CN1C(/C=C/C2=CC=C(N(C3=CC=CC=C3)C4=CC=CC=C4)C=C2)=[N+](CCCCCC(NCCN)=O)C5=CC=CC=C51
,F3,CN1C(/C=C/C2=CC=C(N(CCO)CCO)C=C2)=[N+](CCCCCC(NCCN)=O)C3=CC=CC=C31
,F4,CN1C(/C=C/C2=CC=C(N(C)C)C=C2)=[N+](CCCCCC(NCCN)=O)C3=CC=CC=C31
,F5,CN1C(/C=C/C=C/C2=CC=C(N(CC)CC)C=C2)=[N+](CCCCCC(NCCN)=O)C3=CC=CC=C31
,F6,CN1C(/C=C/C2=C(O)C=C(N(CC)CC)C=C2)=[N+](CCCCCC(NCCN)=O)C3=CC=CC=C31
,F7,CN1C(/C=C/C2=C([N+]([O-])=O)C=C(N(CC)CC)C=C2)=[N+](CCCCCC(NCCN)=O)C3=CC=CC=C31
,F8,CN1C(/C=C/C2=CC=C(N(CC)CC)C=C2)=[N+](CCCCCC(NCCN)=O)C3=CC=CC=C31
,F9,CN1C(/C=C/C2=CC=C(N(CCO)C)C=C2)=[N+](CCCCCC(NCCN)=O)C3=CC=CC=C31
,F10,CN1C(/C=C/C2=CC=C(N(CCC)CCC)C=C2)=[N+](CCCCCC(NCCN)=O)C3=CC=CC=C31
,g1,CN1C(/C=C/C2=CC=CO2)=[N+](CCCCCC(NCCN)=O)C3=CC=CC=C31
,g2,CN1C(/C=C/C2=CC=C(C)O2)=[N+](CCCCCC(NCCN)=O)C3=CC=CC=C31
,g3,CN1C(/C=C/C2=CC(C=CC=C3)=C3O2)=[N+](CCCCCC(NCCN)=O)C4=CC=CC=C41
,g4,CN1C(/C=C/C2=CC=C(CC)O2)=[N+](CCCCCC(NCCN)=O)C3=CC=CC=C31
,g5,CN1C(/C=C/C2=CC=C(C3=CC=CC=C3)O2)=[N+](CCCCCC(NCCN)=O)C4=CC=CC=C41
,g6,CN1C(/C=C/C2=CC=C(C3=CC=CC=C3[N+]([O-])=O)O2)=[N+](CCCCCC(NCCN)=O)C4=CC=CC=C41
,g7,CN1C(/C=C/C2=CC(C=CC=C3)=C3S2)=[N+](CCCCCC(NCCN)=O)C4=CC=CC=C41
,g8,CN1C(/C=C/C2=CC=C(C3=CC=CC=C3)S2)=[N+](CCCCCC(NCCN)=O)C4=CC=CC=C41
,g9,CN1C(/C=C/C2=C(C)N(C3=CC=CC(C(F)(F)F)=C3)C(C)=C2)=[N+](CCCCCC(NCCN)=O)C4=CC=CC=C41
,g10,CN1C(/C=C/C2=C(C)N=CN2)=[N+](CCCCCC(NCCN)=O)C3=CC=CC=C31
,h1,CN1C(/C=C/C2=CC3=C(C=CC=C3)N2)=[N+](CCCCCC(NCCN)=O)C4=CC=CC=C41
,h2,CN1C(/C=C/C2=C(Cl)N=C(C=CC=C3)C3=C2)=[N+](CCCCCC(NCCN)=O)C4=CC=CC=C41
,h3,CN1C(/C=C/C2=CC(Cl)=CC=C2Cl)=[N+](CCCCCC(NCCN)=O)C3=CC=CC=C31
,h4,CN1C(/C=C/C2=C(Cl)N=C(C=CC(OC)=C3)C3=C2)=[N+](CCCCCC(NCCN)=O)C4=CC=CC=C41
,h5,CN1C(/C=C/C2=CC=C(SC)C=C2)=[N+](CCCCCC(NCCN)=O)C3=CC=CC=C31
,h6,CN1C(/C=C/C2=CC(C)=C(OCC3=CC=CC=C3)C(C)=C2)=[N+](CCCCCC(NCCN)=O)C4=CC=CC=C41
,h7,CN1C(/C=C/C2=CC=C(C3=CC(Cl)=C(OC)C=C3)O2)=[N+](CCCCCC(NCCN)=O)C4=CC=CC=C41
,h8,CN1C(/C=C/C2=CC=C(OC(C(F)(F)F)C(F)(F)F)C=C2)=[N+](CCCCCC(NCCN)=O)C3=CC=CC=C31
,h9,CN1C(/C=C/C2=C(OC)C=C(OC)C=C2)=[N+](CCCCCC(NCCN)=O)C3=CC=CC=C31
,h10,CN1C(/C=C/C2=CC(C(F)(F)F)=CC=C2)=[N+](CCCCCC(NCCN)=O)C3=CC=CC=C31
NBD,A2,CCCCNc1nc(NCCCCCCNc2ccc([N+](=O)[O-])c3nonc23)nc(NCc2ccccc2)n1
,A3,CC(C)Nc1nc(NCCCCCCNc2ccc([N+](=O)[O-])c3nonc23)nc(NCc2ccccc2)n1
,A4,CCCCCCNc1nc(NCCCCCCNc2ccc([N+](=O)[O-])c3nonc23)nc(NCc2ccccc2)n1
,A5,CC1CCC(Nc2nc(NCCCCCCNc3ccc([N+](=O)[O-])c4nonc34)nc(NCc3ccccc3)n2)CC1
,A6,CC1CCCCC1Nc1nc(NCCCCCCNc2ccc([N+](=O)[O-])c3nonc23)nc(NCc2ccccc2)n1
,A7,O=[N+]([O-])c1ccc(NCCCCCCNc2nc(NCc3ccccc3)nc(NCC3CCCCC3)n2)c2nonc12
,A8,O=[N+]([O-])c1ccc(NCCCCCCNc2nc(NCc3ccccc3)nc(NC3CCCCC3)n2)c2nonc12
,A9,CC(C)CCNc1nc(NCCCCCCNc2ccc([N+](=O)[O-])c3nonc23)nc(NCc2ccccc2)n1
,A10,O=[N+]([O-])c1ccc(NCCCCCCNc2nc(NCCc3ccccn3)nc(NCc3ccccc3)n2)c2nonc12
,A11,O=[N+]([O-])c1ccc(NCCCCCCNc2nc(NCCc3ccccc3)nc(NCc3ccccc3)n2)c2nonc12
,B2,CCCCNc1nc(NCCCCCCNc2ccc([N+](=O)[O-])c3nonc23)nc(NCc2cccc(OC)c2)n1
,B3,COc1cccc(CNc2nc(NCCCCCCNc3ccc([N+](=O)[O-])c4nonc34)nc(NC(C)C)n2)c1
,B4,CCCCCCNc1nc(NCCCCCCNc2ccc([N+](=O)[O-])c3nonc23)nc(NCc2cccc(OC)c2)n1
,B5,COc1cccc(CNc2nc(NCCCCCCNc3ccc([N+](=O)[O-])c4nonc34)nc(NC3CCC(C)CC3)n2)c1
,B6,COc1cccc(CNc2nc(NCCCCCCNc3ccc([N+](=O)[O-])c4nonc34)nc(NC3CCCCC3C)n2)c1
,B7,COc1cccc(CNc2nc(NCCCCCCNc3ccc([N+](=O)[O-])c4nonc34)nc(NCC3CCCCC3)n2)c1
,b8,COc1cccc(CNc2nc(NCCCCCCNc3ccc([N+](=O)[O-])c4nonc34)nc(NC3CCCCC3)n2)c1
,B9,COc1cccc(CNc2nc(NCCCCCCNc3ccc([N+](=O)[O-])c4nonc34)nc(NCCC(C)C)n2)c1
,B10,COc1cccc(CNc2nc(NCCCCCCNc3ccc([N+](=O)[O-])c4nonc34)nc(NCCc3ccccn3)n2)c1
,B11,COc1cccc(CNc2nc(NCCCCCCNc3ccc([N+](=O)[O-])c4nonc34)nc(NCCc3ccccc3)n2)c1
,C2,CCCCNc1nc(NCCCCCCNc2ccc([N+](=O)[O-])c3nonc23)nc(NCc2ccc(OC)cc2)n1
,C3,COc1ccc(CNc2nc(NCCCCCCNc3ccc([N+](=O)[O-])c4nonc34)nc(NC(C)C)n2)cc1
,C4,CCCCCCNc1nc(NCCCCCCNc2ccc([N+](=O)[O-])c3nonc23)nc(NCc2ccc(OC)cc2)n1
,C5,COc1ccc(CNc2nc(NCCCCCCNc3ccc([N+](=O)[O-])c4nonc34)nc(NC3CCC(C)CC3)n2)cc1
,C6,COc1ccc(CNc2nc(NCCCCCCNc3ccc([N+](=O)[O-])c4nonc34)nc(NC3CCCCC3C)n2)cc1
,C7,COc1ccc(CNc2nc(NCCCCCCNc3ccc([N+](=O)[O-])c4nonc34)nc(NCC3CCCCC3)n2)cc1
,C8,COc1ccc(CNc2nc(NCCCCCCNc3ccc([N+](=O)[O-])c4nonc34)nc(NC3CCCCC3)n2)cc1
,C9,COc1ccc(CNc2nc(NCCCCCCNc3ccc([N+](=O)[O-])c4nonc34)nc(NCCC(C)C)n2)cc1
,C10,COc1ccc(CNc2nc(NCCCCCCNc3ccc([N+](=O)[O-])c4nonc34)nc(NCCc3ccccn3)n2)cc1
,C11,COc1ccc(CNc2nc(NCCCCCCNc3ccc([N+](=O)[O-])c4nonc34)nc(NCCc3ccccc3)n2)cc1
,D2,CCCCNc1nc(COc2ccc(CCN)cc2)nc(NCCCCCCNc2ccc([N+](=O)[O-])c3nonc23)n1
,D3,CC(C)Nc1nc(COc2ccc(CCN)cc2)nc(NCCCCCCNc2ccc([N+](=O)[O-])c3nonc23)n1
,D4,CCCCCCNc1nc(COc2ccc(CCN)cc2)nc(NCCCCCCNc2ccc([N+](=O)[O-])c3nonc23)n1
,D5,CC1CCC(Nc2nc(COc3ccc(CCN)cc3)nc(NCCCCCCNc3ccc([N+](=O)[O-])c4nonc34)n2)CC1
,D6,CC1CCCCC1Nc1nc(COc2ccc(CCN)cc2)nc(NCCCCCCNc2ccc([N+](=O)[O-])c3nonc23)n1
,D7,NCCc1ccc(OCc2nc(NCCCCCCNc3ccc([N+](=O)[O-])c4nonc34)nc(NCC3CCCCC3)n2)cc1
,D8,NCCc1ccc(OCc2nc(NCCCCCCNc3ccc([N+](=O)[O-])c4nonc34)nc(NC3CCCCC3)n2)cc1
,D9,CC(C)CCNc1nc(COc2ccc(CCN)cc2)nc(NCCCCCCNc2ccc([N+](=O)[O-])c3nonc23)n1
,D10,NCCc1ccc(OCc2nc(NCCCCCCNc3ccc([N+](=O)[O-])c4nonc34)nc(NCCc3ccccn3)n2)cc1
,D11,NCCc1ccc(OCc2nc(NCCCCCCNc3ccc([N+](=O)[O-])c4nonc34)nc(NCCc3ccccc3)n2)cc1
,E2,CCCCNc1nc(NCCCCCCNc2ccc([N+](=O)[O-])c3nonc23)nc(NCc2cccc(F)c2)n1
,E3,CC(C)Nc1nc(NCCCCCCNc2ccc([N+](=O)[O-])c3nonc23)nc(NCc2cccc(F)c2)n1
,E4,CCCCCCNc1nc(NCCCCCCNc2ccc([N+](=O)[O-])c3nonc23)nc(NCc2cccc(F)c2)n1
,e5,CC1CCC(Nc2nc(NCCCCCCNc3ccc([N+](=O)[O-])c4nonc34)nc(NCc3cccc(F)c3)n2)CC1
,E6,CC1CCCCC1Nc1nc(NCCCCCCNc2ccc([N+](=O)[O-])c3nonc23)nc(NCc2cccc(F)c2)n1
,E7,O=[N+]([O-])c1ccc(NCCCCCCNc2nc(NCc3cccc(F)c3)nc(NCC3CCCCC3)n2)c2nonc12
,E8,O=[N+]([O-])c1ccc(NCCCCCCNc2nc(NCc3cccc(F)c3)nc(NC3CCCCC3)n2)c2nonc12
,E9,CC(C)CCNc1nc(NCCCCCCNc2ccc([N+](=O)[O-])c3nonc23)nc(NCc2cccc(F)c2)n1
,E10,O=[N+]([O-])c1ccc(NCCCCCCNc2nc(NCCc3ccccn3)nc(NCc3cccc(F)c3)n2)c2nonc12
,E11,O=[N+]([O-])c1ccc(NCCCCCCNc2nc(NCCc3ccccc3)nc(NCc3cccc(F)c3)n2)c2nonc12
,F2,CCCCNc1nc(NCCCCCCNc2ccc([N+](=O)[O-])c3nonc23)nc(NCCC(c2ccccc2)c2ccccc2)n1
,F3,CC(C)Nc1nc(NCCCCCCNc2ccc([N+](=O)[O-])c3nonc23)nc(NCCC(c2ccccc2)c2ccccc2)n1
,F4,CCCCCCNc1nc(NCCCCCCNc2ccc([N+](=O)[O-])c3nonc23)nc(NCCC(c2ccccc2)c2ccccc2)n1
,F5,CC1CCC(Nc2nc(NCCCCCCNc3ccc([N+](=O)[O-])c4nonc34)nc(NCCC(c3ccccc3)c3ccccc3)n2)CC1
,F6,CC1CCCCC1Nc1nc(NCCCCCCNc2ccc([N+](=O)[O-])c3nonc23)nc(NCCC(c2ccccc2)c2ccccc2)n1
,F7,O=[N+]([O-])c1ccc(NCCCCCCNc2nc(NCCC(c3ccccc3)c3ccccc3)nc(NCC3CCCCC3)n2)c2nonc12
,F8,O=[N+]([O-])c1ccc(NCCCCCCNc2nc(NCCC(c3ccccc3)c3ccccc3)nc(NC3CCCCC3)n2)c2nonc12
,F9,CC(C)CCNc1nc(NCCCCCCNc2ccc([N+](=O)[O-])c3nonc23)nc(NCCC(c2ccccc2)c2ccccc2)n1
,F10,O=[N+]([O-])c1ccc(NCCCCCCNc2nc(NCCc3ccccn3)nc(NCCC(c3ccccc3)c3ccccc3)n2)c2nonc12
,F11,O=[N+]([O-])c1ccc(NCCCCCCNc2nc(NCCc3ccccc3)nc(NCCC(c3ccccc3)c3ccccc3)n2)c2nonc12
,G2,CCCCNc1nc(NCCCCCCNc2ccc([N+](=O)[O-])c3nonc23)nc(NCc2ccc(C)cc2)n1
,G3,Cc1ccc(CNc2nc(NCCCCCCNc3ccc([N+](=O)[O-])c4nonc34)nc(NC(C)C)n2)cc1
,G4,CCCCCCNc1nc(NCCCCCCNc2ccc([N+](=O)[O-])c3nonc23)nc(NCc2ccc(C)cc2)n1
,G5,Cc1ccc(CNc2nc(NCCCCCCNc3ccc([N+](=O)[O-])c4nonc34)nc(NC3CCC(C)CC3)n2)cc1
,G6,Cc1ccc(CNc2nc(NCCCCCCNc3ccc([N+](=O)[O-])c4nonc34)nc(NC3CCCCC3C)n2)cc1
,G7,Cc1ccc(CNc2nc(NCCCCCCNc3ccc([N+](=O)[O-])c4nonc34)nc(NCC3CCCCC3)n2)cc1
,G8,Cc1ccc(CNc2nc(NCCCCCCNc3ccc([N+](=O)[O-])c4nonc34)nc(NC3CCCCC3)n2)cc1
,G9,Cc1ccc(CNc2nc(NCCCCCCNc3ccc([N+](=O)[O-])c4nonc34)nc(NCCC(C)C)n2)cc1
,G10,Cc1ccc(CNc2nc(NCCCCCCNc3ccc([N+](=O)[O-])c4nonc34)nc(NCCc3ccccn3)n2)cc1
,G11,Cc1ccc(CNc2nc(NCCCCCCNc3ccc([N+](=O)[O-])c4nonc34)nc(NCCc3ccccc3)n2)cc1
,H2,CCCCNc1nc(NCCCCCCNc2ccc([N+](=O)[O-])c3nonc23)nc(NCc2cccc(OC)c2OC)n1
,H3,COc1cccc(CNc2nc(NCCCCCCNc3ccc([N+](=O)[O-])c4nonc34)nc(NC(C)C)n2)c1OC
,H4,CCCCCCNc1nc(NCCCCCCNc2ccc([N+](=O)[O-])c3nonc23)nc(NCc2cccc(OC)c2OC)n1
,H5,COc1cccc(CNc2nc(NCCCCCCNc3ccc([N+](=O)[O-])c4nonc34)nc(NC3CCC(C)CC3)n2)c1OC
,H6,COc1cccc(CNc2nc(NCCCCCCNc3ccc([N+](=O)[O-])c4nonc34)nc(NC3CCCCC3C)n2)c1OC
,H7,COc1cccc(CNc2nc(NCCCCCCNc3ccc([N+](=O)[O-])c4nonc34)nc(NCC3CCCCC3)n2)c1OC
,H8,COc1cccc(CNc2nc(NCCCCCCNc3ccc([N+](=O)[O-])c4nonc34)nc(NC3CCCCC3)n2)c1OC
,H9,COc1cccc(CNc2nc(NCCCCCCNc3ccc([N+](=O)[O-])c4nonc34)nc(NCCC(C)C)n2)c1OC
,H10,COc1cccc(CNc2nc(NCCCCCCNc3ccc([N+](=O)[O-])c4nonc34)nc(NCCc3ccccn3)n2)c1OC
,H11,COc1cccc(CNc2nc(NCCCCCCNc3ccc([N+](=O)[O-])c4nonc34)nc(NCCc3ccccc3)n2)c1OC
,A2,CCCc1nc(NCCCCCCNS(=O)(=O)c2cccc3c(N(C)C)cccc23)nc(NCc2ccccc2)n1
,A3,CC(C)c1nc(NCCCCCCNS(=O)(=O)c2cccc3c(N(C)C)cccc23)nc(NCc2ccccc2)n1
,A4,CCCCCCc1nc(NCCCCCCNS(=O)(=O)c2cccc3c(N(C)C)cccc23)nc(NCc2ccccc2)n1
,A5,CC1CCC(c2nc(NCCCCCCNS(=O)(=O)c3cccc4c(N(C)C)cccc34)nc(NCc3ccccc3)n2)CC1
,A6,CC1CCCCC1c1nc(NCCCCCCNS(=O)(=O)c2cccc3c(N(C)C)cccc23)nc(NCc2ccccc2)n1
,A7,CN(C)c1cccc2c(S(=O)(=O)NCCCCCCNc3nc(CC4CCCCC4)nc(NCc4ccccc4)n3)cccc12
,A8,CN(C)c1cccc2c(S(=O)(=O)NCCCCCCNc3nc(NCc4ccccc4)nc(C4CCCCC4)n3)cccc12
,A9,CC(C)CCc1nc(NCCCCCCNS(=O)(=O)c2cccc3c(N(C)C)cccc23)nc(NCc2ccccc2)n1
,A10,CN(C)c1cccc2c(S(=O)(=O)NCCCCCCNc3nc(CCc4ccccn4)nc(NCc4ccccc4)n3)cccc12
,A11,CN(C)c1cccc2c(S(=O)(=O)NCCCCCCNc3nc(CCc4ccccc4)nc(NCc4ccccc4)n3)cccc12
,B2,CCCc1nc(NCCCCCCNS(=O)(=O)c2cccc3c(N(C)C)cccc23)nc(NCc2cccc(OC)c2)n1
,B3,COc1cccc(CNc2nc(NCCCCCCNS(=O)(=O)c3cccc4c(N(C)C)cccc34)nc(C(C)C)n2)c1
,B4,CCCCCCc1nc(NCCCCCCNS(=O)(=O)c2cccc3c(N(C)C)cccc23)nc(NCc2cccc(OC)c2)n1
,B5,COc1cccc(CNc2nc(NCCCCCCNS(=O)(=O)c3cccc4c(N(C)C)cccc34)nc(C3CCC(C)CC3)n2)c1
,B6,COc1cccc(CNc2nc(NCCCCCCNS(=O)(=O)c3cccc4c(N(C)C)cccc34)nc(C3CCCCC3C)n2)c1
,B7,COc1cccc(CNc2nc(CC3CCCCC3)nc(NCCCCCCNS(=O)(=O)c3cccc4c(N(C)C)cccc34)n2)c1
,b8,COc1cccc(CNc2nc(NCCCCCCNS(=O)(=O)c3cccc4c(N(C)C)cccc34)nc(C3CCCCC3)n2)c1
,B9,COc1cccc(CNc2nc(CCC(C)C)nc(NCCCCCCNS(=O)(=O)c3cccc4c(N(C)C)cccc34)n2)c1
,B10,COc1cccc(CNc2nc(CCc3ccccn3)nc(NCCCCCCNS(=O)(=O)c3cccc4c(N(C)C)cccc34)n2)c1
,B11,COc1cccc(CNc2nc(CCc3ccccc3)nc(NCCCCCCNS(=O)(=O)c3cccc4c(N(C)C)cccc34)n2)c1
,C2,CCCc1nc(NCCCCCCNS(=O)(=O)c2cccc3c(N(C)C)cccc23)nc(NCc2ccc(OC)cc2)n1
,C3,COc1ccc(CNc2nc(NCCCCCCNS(=O)(=O)c3cccc4c(N(C)C)cccc34)nc(C(C)C)n2)cc1
,C4,CCCCCCc1nc(NCCCCCCNS(=O)(=O)c2cccc3c(N(C)C)cccc23)nc(NCc2ccc(OC)cc2)n1
,C5,COc1ccc(CNc2nc(NCCCCCCNS(=O)(=O)c3cccc4c(N(C)C)cccc34)nc(C3CCC(C)CC3)n2)cc1
,C6,COc1ccc(CNc2nc(NCCCCCCNS(=O)(=O)c3cccc4c(N(C)C)cccc34)nc(C3CCCCC3C)n2)cc1
,C7,COc1ccc(CNc2nc(CC3CCCCC3)nc(NCCCCCCNS(=O)(=O)c3cccc4c(N(C)C)cccc34)n2)cc1
,C8,COc1ccc(CNc2nc(NCCCCCCNS(=O)(=O)c3cccc4c(N(C)C)cccc34)nc(C3CCCCC3)n2)cc1
,C9,COc1ccc(CNc2nc(CCC(C)C)nc(NCCCCCCNS(=O)(=O)c3cccc4c(N(C)C)cccc34)n2)cc1
,C10,COc1ccc(CNc2nc(CCc3ccccn3)nc(NCCCCCCNS(=O)(=O)c3cccc4c(N(C)C)cccc34)n2)cc1
,C11,COc1ccc(CNc2nc(CCc3ccccc3)nc(NCCCCCCNS(=O)(=O)c3cccc4c(N(C)C)cccc34)n2)cc1
,D2,CCCc1nc(COc2ccc(CCN)cc2)nc(NCCCCCCNS(=O)(=O)c2cccc3c(N(C)C)cccc23)n1
,D3,CC(C)c1nc(COc2ccc(CCN)cc2)nc(NCCCCCCNS(=O)(=O)c2cccc3c(N(C)C)cccc23)n1
,D4,CCCCCCc1nc(COc2ccc(CCN)cc2)nc(NCCCCCCNS(=O)(=O)c2cccc3c(N(C)C)cccc23)n1
,D5,CC1CCC(c2nc(COc3ccc(CCN)cc3)nc(NCCCCCCNS(=O)(=O)c3cccc4c(N(C)C)cccc34)n2)CC1
,D6,CC1CCCCC1c1nc(COc2ccc(CCN)cc2)nc(NCCCCCCNS(=O)(=O)c2cccc3c(N(C)C)cccc23)n1
,D7,CN(C)c1cccc2c(S(=O)(=O)NCCCCCCNc3nc(COc4ccc(CCN)cc4)nc(CC4CCCCC4)n3)cccc12
,D8,CN(C)c1cccc2c(S(=O)(=O)NCCCCCCNc3nc(COc4ccc(CCN)cc4)nc(C4CCCCC4)n3)cccc12
,D9,CC(C)CCc1nc(COc2ccc(CCN)cc2)nc(NCCCCCCNS(=O)(=O)c2cccc3c(N(C)C)cccc23)n1
,D10,CN(C)c1cccc2c(S(=O)(=O)NCCCCCCNc3nc(CCc4ccccn4)nc(COc4ccc(CCN)cc4)n3)cccc12
,D11,CN(C)c1cccc2c(S(=O)(=O)NCCCCCCNc3nc(CCc4ccccc4)nc(COc4ccc(CCN)cc4)n3)cccc12
,E2,CCCc1nc(NCCCCCCNS(=O)(=O)c2cccc3c(N(C)C)cccc23)nc(NCc2cccc(F)c2)n1
,E3,CC(C)c1nc(NCCCCCCNS(=O)(=O)c2cccc3c(N(C)C)cccc23)nc(NCc2cccc(F)c2)n1
,E4,CCCCCCc1nc(NCCCCCCNS(=O)(=O)c2cccc3c(N(C)C)cccc23)nc(NCc2cccc(F)c2)n1
,e5,CC1CCC(c2nc(NCCCCCCNS(=O)(=O)c3cccc4c(N(C)C)cccc34)nc(NCc3cccc(F)c3)n2)CC1
,E6,CC1CCCCC1c1nc(NCCCCCCNS(=O)(=O)c2cccc3c(N(C)C)cccc23)nc(NCc2cccc(F)c2)n1
,E7,CN(C)c1cccc2c(S(=O)(=O)NCCCCCCNc3nc(CC4CCCCC4)nc(NCc4cccc(F)c4)n3)cccc12
,E8,CN(C)c1cccc2c(S(=O)(=O)NCCCCCCNc3nc(NCc4cccc(F)c4)nc(C4CCCCC4)n3)cccc12
,E9,CC(C)CCc1nc(NCCCCCCNS(=O)(=O)c2cccc3c(N(C)C)cccc23)nc(NCc2cccc(F)c2)n1
,E10,CN(C)c1cccc2c(S(=O)(=O)NCCCCCCNc3nc(CCc4ccccn4)nc(NCc4cccc(F)c4)n3)cccc12
,E11,CN(C)c1cccc2c(S(=O)(=O)NCCCCCCNc3nc(CCc4ccccc4)nc(NCc4cccc(F)c4)n3)cccc12
,F2,CCCc1nc(NCCCCCCNS(=O)(=O)c2cccc3c(N(C)C)cccc23)nc(NCCC(c2ccccc2)c2ccccc2)n1
,F3,CC(C)c1nc(NCCCCCCNS(=O)(=O)c2cccc3c(N(C)C)cccc23)nc(NCCC(c2ccccc2)c2ccccc2)n1
,F4,CCCCCCc1nc(NCCCCCCNS(=O)(=O)c2cccc3c(N(C)C)cccc23)nc(NCCC(c2ccccc2)c2ccccc2)n1
,F5,CC1CCC(c2nc(NCCCCCCNS(=O)(=O)c3cccc4c(N(C)C)cccc34)nc(NCCC(c3ccccc3)c3ccccc3)n2)CC1
,F6,CC1CCCCC1c1nc(NCCCCCCNS(=O)(=O)c2cccc3c(N(C)C)cccc23)nc(NCCC(c2ccccc2)c2ccccc2)n1
,F7,CN(C)c1cccc2c(S(=O)(=O)NCCCCCCNc3nc(CC4CCCCC4)nc(NCCC(c4ccccc4)c4ccccc4)n3)cccc12
,F8,CN(C)c1cccc2c(S(=O)(=O)NCCCCCCNc3nc(NCCC(c4ccccc4)c4ccccc4)nc(C4CCCCC4)n3)cccc12
,F9,CC(C)CCc1nc(NCCCCCCNS(=O)(=O)c2cccc3c(N(C)C)cccc23)nc(NCCC(c2ccccc2)c2ccccc2)n1
,F10,CN(C)c1cccc2c(S(=O)(=O)NCCCCCCNc3nc(CCc4ccccn4)nc(NCCC(c4ccccc4)c4ccccc4)n3)cccc12
,F11,CN(C)c1cccc2c(S(=O)(=O)NCCCCCCNc3nc(CCc4ccccc4)nc(NCCC(c4ccccc4)c4ccccc4)n3)cccc12
,G2,CCCc1nc(NCCCCCCNS(=O)(=O)c2cccc3c(N(C)C)cccc23)nc(NCc2ccc(C)cc2)n1
,G3,Cc1ccc(CNc2nc(NCCCCCCNS(=O)(=O)c3cccc4c(N(C)C)cccc34)nc(C(C)C)n2)cc1
,G4,CCCCCCc1nc(NCCCCCCNS(=O)(=O)c2cccc3c(N(C)C)cccc23)nc(NCc2ccc(C)cc2)n1
,G5,Cc1ccc(CNc2nc(NCCCCCCNS(=O)(=O)c3cccc4c(N(C)C)cccc34)nc(C3CCC(C)CC3)n2)cc1
,G6,Cc1ccc(CNc2nc(NCCCCCCNS(=O)(=O)c3cccc4c(N(C)C)cccc34)nc(C3CCCCC3C)n2)cc1
,G7,Cc1ccc(CNc2nc(CC3CCCCC3)nc(NCCCCCCNS(=O)(=O)c3cccc4c(N(C)C)cccc34)n2)cc1
,G8,Cc1ccc(CNc2nc(NCCCCCCNS(=O)(=O)c3cccc4c(N(C)C)cccc34)nc(C3CCCCC3)n2)cc1
,G9,Cc1ccc(CNc2nc(CCC(C)C)nc(NCCCCCCNS(=O)(=O)c3cccc4c(N(C)C)cccc34)n2)cc1
,G10,Cc1ccc(CNc2nc(CCc3ccccn3)nc(NCCCCCCNS(=O)(=O)c3cccc4c(N(C)C)cccc34)n2)cc1
,G11,Cc1ccc(CNc2nc(CCc3ccccc3)nc(NCCCCCCNS(=O)(=O)c3cccc4c(N(C)C)cccc34)n2)cc1
,H2,CCCc1nc(NCCCCCCNS(=O)(=O)c2cccc3c(N(C)C)cccc23)nc(NCc2cccc(OC)c2OC)n1
,H3,COc1cccc(CNc2nc(NCCCCCCNS(=O)(=O)c3cccc4c(N(C)C)cccc34)nc(C(C)C)n2)c1OC
,H4,CCCCCCc1nc(NCCCCCCNS(=O)(=O)c2cccc3c(N(C)C)cccc23)nc(NCc2cccc(OC)c2OC)n1
,H5,COc1cccc(CNc2nc(NCCCCCCNS(=O)(=O)c3cccc4c(N(C)C)cccc34)nc(C3CCC(C)CC3)n2)c1OC
,H6,COc1cccc(CNc2nc(NCCCCCCNS(=O)(=O)c3cccc4c(N(C)C)cccc34)nc(C3CCCCC3C)n2)c1OC
,H7,COc1cccc(CNc2nc(CC3CCCCC3)nc(NCCCCCCNS(=O)(=O)c3cccc4c(N(C)C)cccc34)n2)c1OC
,H8,COc1cccc(CNc2nc(NCCCCCCNS(=O)(=O)c3cccc4c(N(C)C)cccc34)nc(C3CCCCC3)n2)c1OC
,H9,COc1cccc(CNc2nc(CCC(C)C)nc(NCCCCCCNS(=O)(=O)c3cccc4c(N(C)C)cccc34)n2)c1OC
,H10,COc1cccc(CNc2nc(CCc3ccccn3)nc(NCCCCCCNS(=O)(=O)c3cccc4c(N(C)C)cccc34)n2)c1OC
,H11,COc1cccc(CNc2nc(CCc3ccccc3)nc(NCCCCCCNS(=O)(=O)c3cccc4c(N(C)C)cccc34)n2)c1OC
CT,A2,CN(CCO)c1ccc(C(=O)/C=C/c2ccc(Nc3nc(NCCc4ccccc4)nc(NC4CCCC4)n3)cc2)cc1
,A3,COc1cc(CNc2nc(Nc3ccc(/C=C/C(=O)c4ccc(N(C)CCO)cc4)cc3)nc(NC3CCCC3)n2)cc(OC)c1
,A4,CCCCCCCNc1nc(Nc2ccc(/C=C/C(=O)c3ccc(N(C)CCO)cc3)cc2)nc(NC2CCCC2)n1
,A5,CN(CCO)c1ccc(C(=O)/C=C/c2ccc(Nc3nc(NCCCc4ccccc4)nc(NC4CCCC4)n3)cc2)cc1
,A6,CN(CCO)c1ccc(C(=O)/C=C/c2ccc(Nc3nc(NCc4ccccc4)nc(NC4CCCC4)n3)cc2)cc1
,A7,CN(CCO)c1ccc(C(=O)/C=C/c2ccc(Nc3nc(NCc4ccccc4F)nc(NC4CCCC4)n3)cc2)cc1
,A8,COc1ccc(CNc2nc(Nc3ccc(/C=C/C(=O)c4ccc(N(C)CCO)cc4)cc3)nc(NC3CCCC3)n2)cc1
,A9,CN(CCO)c1ccc(C(=O)/C=C/c2ccc(Nc3nc(NCC4CCCCC4)nc(NC4CCCC4)n3)cc2)cc1
,A10,CC(Nc1nc(Nc2ccc(/C=C/C(=O)c3ccc(N(C)CCO)cc3)cc2)nc(NC2CCCC2)n1)c1ccccc1
,A11,COc1ccc(CCNc2nc(Nc3ccc(/C=C/C(=O)c4ccc(N(C)CCO)cc4)cc3)nc(NC3CCCC3)n2)cc1
,A12,CN(CCO)c1ccc(C(=O)/C=C/c2ccc(Nc3nc(NCC4CC4)nc(NC4CCCC4)n3)cc2)cc1
,B2,CN(CCO)c1ccc(C(=O)/C=C/c2ccc(Nc3nc(NCCc4ccccc4)nc(NCCN4CCCCC4)n3)cc2)cc1
,B3,COc1cc(CNc2nc(NCCN3CCCCC3)nc(Nc3ccc(/C=C/C(=O)c4ccc(N(C)CCO)cc4)cc3)n2)cc(OC)c1
,B4,CCCCCCCNc1nc(NCCN2CCCCC2)nc(Nc2ccc(/C=C/C(=O)c3ccc(N(C)CCO)cc3)cc2)n1
,B5,CN(CCO)c1ccc(C(=O)/C=C/c2ccc(Nc3nc(NCCCc4ccccc4)nc(NCCN4CCCCC4)n3)cc2)cc1
,B6,CN(CCO)c1ccc(C(=O)/C=C/c2ccc(Nc3nc(NCCN4CCCCC4)nc(NCc4ccccc4)n3)cc2)cc1
,B7,CN(CCO)c1ccc(C(=O)/C=C/c2ccc(Nc3nc(NCCN4CCCCC4)nc(NCc4ccccc4F)n3)cc2)cc1
,B8,COc1ccc(CNc2nc(NCCN3CCCCC3)nc(Nc3ccc(/C=C/C(=O)c4ccc(N(C)CCO)cc4)cc3)n2)cc1
,B9,CN(CCO)c1ccc(C(=O)/C=C/c2ccc(Nc3nc(NCCN4CCCCC4)nc(NCC4CCCCC4)n3)cc2)cc1
,B10,CC(Nc1nc(Nc2ccc(/C=C/C(=O)c3ccc(N(C)CCO)cc3)cc2)nc(NC2CCCC2)n1)c1ccccc1
,B11,COc1ccc(CCNc2nc(NCCN3CCCCC3)nc(Nc3ccc(/C=C/C(=O)c4ccc(N(C)CCO)cc4)cc3)n2)cc1
,B12,CN(CCO)c1ccc(C(=O)/C=C/c2ccc(Nc3nc(NCCN4CCCCC4)nc(NCC4CC4)n3)cc2)cc1
,C2,CN(CCO)c1ccc(C(=O)/C=C/c2ccc(Nc3nc(NCCc4ccccc4)nc(NCCN4CCOCC4)n3)cc2)cc1
,C3,COc1cc(CNc2nc(NCCN3CCOCC3)nc(Nc3ccc(/C=C/C(=O)c4ccc(N(C)CCO)cc4)cc3)n2)cc(OC)c1
,C4,CCCCCCCNc1nc(NCCN2CCOCC2)nc(Nc2ccc(/C=C/C(=O)c3ccc(N(C)CCO)cc3)cc2)n1
,C5,CN(CCO)c1ccc(C(=O)/C=C/c2ccc(Nc3nc(NCCCc4ccccc4)nc(NCCN4CCOCC4)n3)cc2)cc1
,C6,CN(CCO)c1ccc(C(=O)/C=C/c2ccc(Nc3nc(NCCN4CCOCC4)nc(NCc4ccccc4)n3)cc2)cc1
,C7,CN(CCO)c1ccc(C(=O)/C=C/c2ccc(Nc3nc(NCCN4CCOCC4)nc(NCc4ccccc4F)n3)cc2)cc1
,C8,COc1ccc(CNc2nc(NCCN3CCOCC3)nc(Nc3ccc(/C=C/C(=O)c4ccc(N(C)CCO)cc4)cc3)n2)cc1
,C9,CN(CCO)c1ccc(C(=O)/C=C/c2ccc(Nc3nc(NCCN4CCOCC4)nc(NCC4CCCCC4)n3)cc2)cc1
,C10,CC(Nc1nc(Nc2ccc(/C=C/C(=O)c3ccc(N(C)CCO)cc3)cc2)nc(NC2CCCC2)n1)c1ccccc1
,C11,COc1ccc(CCNc2nc(NCCN3CCOCC3)nc(Nc3ccc(/C=C/C(=O)c4ccc(N(C)CCO)cc4)cc3)n2)cc1
,C12,CN(CCO)c1ccc(C(=O)/C=C/c2ccc(Nc3nc(NCCN4CCOCC4)nc(NCC4CC4)n3)cc2)cc1
,D2,CN(CCO)c1ccc(C(=O)/C=C/c2ccc(Nc3nc(NCCc4ccccc4)nc(NCc4ccccc4Cl)n3)cc2)cc1
,D3,COc1cc(CNc2nc(NCc3ccccc3Cl)nc(Nc3ccc(/C=C/C(=O)c4ccc(N(C)CCO)cc4)cc3)n2)cc(OC)c1
,D4,CCCCCCCNc1nc(NCc2ccccc2Cl)nc(Nc2ccc(/C=C/C(=O)c3ccc(N(C)CCO)cc3)cc2)n1
,D5,CN(CCO)c1ccc(C(=O)/C=C/c2ccc(Nc3nc(NCCCc4ccccc4)nc(NCc4ccccc4Cl)n3)cc2)cc1
,D6,CN(CCO)c1ccc(C(=O)/C=C/c2ccc(Nc3nc(NCc4ccccc4)nc(NCc4ccccc4Cl)n3)cc2)cc1
,D7,CN(CCO)c1ccc(C(=O)/C=C/c2ccc(Nc3nc(NCc4ccccc4F)nc(NCc4ccccc4Cl)n3)cc2)cc1
,D8,COc1ccc(CNc2nc(NCc3ccccc3Cl)nc(Nc3ccc(/C=C/C(=O)c4ccc(N(C)CCO)cc4)cc3)n2)cc1
,D9,CN(CCO)c1ccc(C(=O)/C=C/c2ccc(Nc3nc(NCc4ccccc4Cl)nc(NCC4CCCCC4)n3)cc2)cc1
,D10,CC(Nc1nc(Nc2ccc(/C=C/C(=O)c3ccc(N(C)CCO)cc3)cc2)nc(NC2CCCC2)n1)c1ccccc1
,D11,COc1ccc(CCNc2nc(NCc3ccccc3Cl)nc(Nc3ccc(/C=C/C(=O)c4ccc(N(C)CCO)cc4)cc3)n2)cc1
,D12,CN(CCO)c1ccc(C(=O)/C=C/c2ccc(Nc3nc(NCc4ccccc4Cl)nc(NCC4CC4)n3)cc2)cc1
,E2,CCCCN(CCCC)CCNc1nc(NCCc2ccccc2)nc(Nc2ccc(/C=C/C(=O)c3ccc(N(C)CCO)cc3)cc2)n1
,E3,CCCCN(CCCC)CCNc1nc(NCc2cc(OC)cc(OC)c2)nc(Nc2ccc(/C=C/C(=O)c3ccc(N(C)CCO)cc3)cc2)n1
,E4,CCCCCCCNc1nc(NCCN(CCCC)CCCC)nc(Nc2ccc(/C=C/C(=O)c3ccc(N(C)CCO)cc3)cc2)n1
,E5,CCCCN(CCCC)CCNc1nc(NCCCc2ccccc2)nc(Nc2ccc(/C=C/C(=O)c3ccc(N(C)CCO)cc3)cc2)n1
,E6,CCCCN(CCCC)CCNc1nc(NCc2ccccc2)nc(Nc2ccc(/C=C/C(=O)c3ccc(N(C)CCO)cc3)cc2)n1
,E7,CCCCN(CCCC)CCNc1nc(NCc2ccccc2F)nc(Nc2ccc(/C=C/C(=O)c3ccc(N(C)CCO)cc3)cc2)n1
,E8,CCCCN(CCCC)CCNc1nc(NCc2ccc(OC)cc2)nc(Nc2ccc(/C=C/C(=O)c3ccc(N(C)CCO)cc3)cc2)n1
,E9,CCCCN(CCCC)CCNc1nc(NCC2CCCCC2)nc(Nc2ccc(/C=C/C(=O)c3ccc(N(C)CCO)cc3)cc2)n1
,E10,CC(Nc1nc(Nc2ccc(/C=C/C(=O)c3ccc(N(C)CCO)cc3)cc2)nc(NC2CCCC2)n1)c1ccccc1
,E11,CCCCN(CCCC)CCNc1nc(NCCc2ccc(OC)cc2)nc(Nc2ccc(/C=C/C(=O)c3ccc(N(C)CCO)cc3)cc2)n1
,E12,CCCCN(CCCC)CCNc1nc(NCC2CC2)nc(Nc2ccc(/C=C/C(=O)c3ccc(N(C)CCO)cc3)cc2)n1
,F2,CN(CCO)c1ccc(C(=O)/C=C/c2ccc(Nc3nc(NCCc4ccccc4)nc(NCc4ccccn4)n3)cc2)cc1
,F3,COc1cc(CNc2nc(NCc3ccccn3)nc(Nc3ccc(/C=C/C(=O)c4ccc(N(C)CCO)cc4)cc3)n2)cc(OC)c1
,F4,CCCCCCCNc1nc(NCc2ccccn2)nc(Nc2ccc(/C=C/C(=O)c3ccc(N(C)CCO)cc3)cc2)n1
,F5,CN(CCO)c1ccc(C(=O)/C=C/c2ccc(Nc3nc(NCCCc4ccccc4)nc(NCc4ccccn4)n3)cc2)cc1
,F6,CN(CCO)c1ccc(C(=O)/C=C/c2ccc(Nc3nc(NCc4ccccc4)nc(NCc4ccccn4)n3)cc2)cc1
,F7,CN(CCO)c1ccc(C(=O)/C=C/c2ccc(Nc3nc(NCc4ccccn4)nc(NCc4ccccc4F)n3)cc2)cc1
,F8,COc1ccc(CNc2nc(NCc3ccccn3)nc(Nc3ccc(/C=C/C(=O)c4ccc(N(C)CCO)cc4)cc3)n2)cc1
,F9,CN(CCO)c1ccc(C(=O)/C=C/c2ccc(Nc3nc(NCc4ccccn4)nc(NCC4CCCCC4)n3)cc2)cc1
,F10,CC(Nc1nc(Nc2ccc(/C=C/C(=O)c3ccc(N(C)CCO)cc3)cc2)nc(NC2CCCC2)n1)c1ccccc1
,F11,COc1ccc(CCNc2nc(NCc3ccccn3)nc(Nc3ccc(/C=C/C(=O)c4ccc(N(C)CCO)cc4)cc3)n2)cc1
,F12,CN(CCO)c1ccc(C(=O)/C=C/c2ccc(Nc3nc(NCc4ccccn4)nc(NCC4CC4)n3)cc2)cc1
,G2,CC(C)CCNc1nc(NCCc2ccccc2)nc(Nc2ccc(/C=C/C(=O)c3ccc(N(C)CCO)cc3)cc2)n1
,G3,COc1cc(CNc2nc(NCCC(C)C)nc(Nc3ccc(/C=C/C(=O)c4ccc(N(C)CCO)cc4)cc3)n2)cc(OC)c1
,G4,CCCCCCCNc1nc(NCCC(C)C)nc(Nc2ccc(/C=C/C(=O)c3ccc(N(C)CCO)cc3)cc2)n1
,G5,CC(C)CCNc1nc(NCCCc2ccccc2)nc(Nc2ccc(/C=C/C(=O)c3ccc(N(C)CCO)cc3)cc2)n1
,G6,CC(C)CCNc1nc(NCc2ccccc2)nc(Nc2ccc(/C=C/C(=O)c3ccc(N(C)CCO)cc3)cc2)n1
,G7,CC(C)CCNc1nc(NCc2ccccc2F)nc(Nc2ccc(/C=C/C(=O)c3ccc(N(C)CCO)cc3)cc2)n1
,G8,COc1ccc(CNc2nc(NCCC(C)C)nc(Nc3ccc(/C=C/C(=O)c4ccc(N(C)CCO)cc4)cc3)n2)cc1
,G9,CC(C)CCNc1nc(NCC2CCCCC2)nc(Nc2ccc(/C=C/C(=O)c3ccc(N(C)CCO)cc3)cc2)n1
,G10,CC(Nc1nc(Nc2ccc(/C=C/C(=O)c3ccc(N(C)CCO)cc3)cc2)nc(NC2CCCC2)n1)c1ccccc1
,G11,COc1ccc(CCNc2nc(NCCC(C)C)nc(Nc3ccc(/C=C/C(=O)c4ccc(N(C)CCO)cc4)cc3)n2)cc1
,G12,CC(C)CCNc1nc(NCC2CC2)nc(Nc2ccc(/C=C/C(=O)c3ccc(N(C)CCO)cc3)cc2)n1
COR,A2,O=C1OC2=CC(N(C)C)=CC=C2C(C(N(CCCN)CCCCCCCCCCCCC)=O)=C1
,A3,O=C1OC2=CC(N(C)C)=CC=C2C(C(N(CCCN)CC3=CC(OCO4)=C4C=C3)=O)=C1
,A4,O=C1OC2=CC(N(C)C)=CC=C2C(C(N(CCCN)CCCCCCCCCCCCCCCCC)=O)=C1
,A5,O=C1OC2=CC(N(C)C)=CC=C2C(C(N(CCCN)CC(C)C3=CC=CC=C3)=O)=C1
,A6,O=C1OC2=CC(N(C)C)=CC=C2C(C(N(CCCN)CCC(C)(C)C)=O)=C1
,A7,O=C1OC2=CC(N(C)C)=CC=C2C(C(N(CCCN)CCC(C3=CC=CC=C3)C4=CC=CC=C4)=O)=C1
,A8,O=C1OC2=CC(N(C)C)=CC=C2C(C(N(CCCN)CC3=C(C)C=CC=C3)=O)=C1
,A9,O=C1OC2=CC(N(C)C)=CC=C2C(C(N(CCCN)CC3=C(OCC)C=CC=C3)=O)=C1
,A10,O=C1OC2=CC(N(C)C)=CC=C2C(C(N(CCCN)C3CCN(CC4=CC=CC=C4)CC3)=O)=C1
,A11,O=C1OC2=CC(N(C)C)=CC=C2C(C(N(CC3=C(OC)C(OC)=CC=C3)CCCN)=O)=C1
,B2,O=C1OC2=CC(N(C)C)=CC=C2C(C(N(CCCC3=CC=CC=C3)CCCN)=O)=C1
,B3,O=C1OC2=CC(N(C)C)=CC=C2C(C(N(CC3=C(Cl)C=CC=C3Cl)CCCN)=O)=C1
,B4,O=C1OC2=CC(N(C)C)=CC=C2C(C(N(CCC3=CC=C(F)C=C3)CCCN)=O)=C1
,B5,O=C1OC2=CC(N(C)C)=CC=C2C(C(N(CCCOC)CCCN)=O)=C1
,B6,O=C1OC2=CC(N(C)C)=CC=C2C(C(N(CCCCOC)CCCN)=O)=C1
,B7,O=C1OC2=CC(N(C)C)=CC=C2C(C(N(CCOC)CCCN)=O)=C1
,b8,O=C1OC2=CC(N(C)C)=CC=C2C(C(N(CC3=C(OC)C=CC(OC)=C3)CCCN)=O)=C1
,B9,O=C1OC2=CC(N(C)C)=CC=C2C(C(N(C(C)CCC)CCCN)=O)=C1
,B10,O=C1OC2=CC(N(C)C)=CC=C2C(C(N(CCCOC(CC)CCCC)CCCN)=O)=C1
,B11,O=C1OC2=CC(N(C)C)=CC=C2C(C(N(CC3=CC=C(F)C=C3)CCCN)=O)=C1
,C2,O=C1OC2=CC(N(C)C)=CC=C2C(C(N(CC3=CC(F)=CC=C3)CCCN)=O)=C1
,C3,O=C1OC2=CC(N(C)C)=CC=C2C(C(N(CC3=CC=C(Cl)C=C3)CCCN)=O)=C1
,C4,O=C1OC2=CC(N(C)C)=CC=C2C(C(N(CC(CC)CCCC)CCCN)=O)=C1
,C5,O=C1OC2=CC(N(C)C)=CC=C2C(C(N(CC3=CC=C(C4=CC=CC=C4)C=C3)CCCN)=O)=C1
,C6,O=C1OC2=CC(N(C)C)=CC=C2C(C(N(CC3=CC(OC)=CC(OC)=C3)CCCN)=O)=C1
,C7,O=C1OC2=CC(N(C)C)=CC=C2C(C(N(CCC3=CC(OC)=C(OC)C=C3)CCCN)=O)=C1
,C8,O=C1OC2=CC(N(C)C)=CC=C2C(C(N(CCC3=CC=CC=C3OC)CCCN)=O)=C1
,C9,O=C1OC2=CC(N(C)C)=CC=C2C(C(N(CCCOC(C)C)CCCN)=O)=C1
,C10,O=C1OC2=CC(N(C)C)=CC=C2C(C(N(C(CCCC3=CC=CC=C3)C)CCCN)=O)=C1
,C11,O=C1OC2=CC(N(C)C)=CC=C2C(C(N(CCCCCC)CCCN)=O)=C1
,D2,O=C1OC2=CC(N(C)C)=CC=C2C(C(N(CC3=C(Br)C=CC=C3)CCCN)=O)=C1
,D3,O=C1OC2=CC(N(C)C)=CC=C2C(C(N(CCCC3=CC=CC=C3)CCCN)=O)=C1
,D4,O=C1OC2=CC(N(C)C)=CC=C2C(C(N(CC3=C(OC)C=C(OC)C=C3OC)CCCN)=O)=C1
,D5,O=C1OC2=CC(N(C)C)=CC=C2C(C(N(CC3=C(F)C(F)=CC=C3)CCCN)=O)=C1
,D6,O=C1OC2=CC(N(C)C)=CC=C2C(C(N(CC3=C(OC)C=C(OC)C=C3)CCCN)=O)=C1
,D7,O=C1OC2=CC(N(C)C)=CC=C2C(C(N(CCC3=CC=C([N+]([O-])=O)C=C3)CCCN)=O)=C1
,D8,O=C1OC2=CC(N(C)C)=CC=C2C(C(N(CC3=C(Cl)C=CC=C3)CCCN)=O)=C1
,D9,O=C1OC2=CC(N(C)C)=CC=C2C(C(N(CCCC)CCCN)=O)=C1
,D10,O=C1OC2=CC(N(C)C)=CC=C2C(C(N(CC3=CC=CC=C3)CCCN)=O)=C1
,D11,O=C1OC2=CC(N(C)C)=CC=C2C(C(N(CC3=CC=C(OC)C=C3)CCCN)=O)=C1
,E2,O=C1OC2=CC(N(C)C)=CC=C2C(C(N(CC3CCCCC3)CCCN)=O)=C1
,E3,O=C1OC2=CC(N(C)C)=CC=C2C(C(N(CC3=CC(OC)=CC=C3)CCCN)=O)=C1
,E4,O=C1OC2=CC(N(C)C)=CC=C2C(C(N(CC3=C(OC)C=CC=C3)CCCN)=O)=C1
,e5,O=C1OC2=CC(N(C)C)=CC=C2C(C(N(C(C)C3=CC=C(F)C=C3)CCCN)=O)=C1
,E6,O=C1OC2=CC(N(C)C)=CC=C2C(C(N(CCC3=CC=C(OC)C=C3)CCCN)=O)=C1
,E7,O=C1OC2=CC(N(C)C)=CC=C2C(C(N(CCC3=CC=C(C)C=C3)CCCN)=O)=C1
,E8,O=C1OC2=CC(N(C)C)=CC=C2C(C(N(CCC3=CC=CC(C)=C3)CCCN)=O)=C1
,E9,O=C1OC2=CC(N(C)C)=CC=C2C(C(N(CCC3=CC=C(F)C=C3F)CCCN)=O)=C1
,E10,O=C1OC2=CC(N(C)C)=CC=C2C(C(N(CC3=CC=CC(Cl)=C3)CCCN)=O)=C1
,E11,O=C1OC2=CC(N(C)C)=CC=C2C(C(N(CCC3=CC=CC(F)=C3)CCCN)=O)=C1
,F2,O=C1OC2=CC(N(C)C)=CC=C2C(C(N(CC3=CC(F)=CC(F)=C3)CCCN)=O)=C1
,F3,O=C1OC2=CC(N(C)C)=CC=C2C(C(N(CCCN3C(C)CCCC3)CCCN)=O)=C1
,F4,O=C1OC2=CC(N(C)C)=CC=C2C(C(N(CCCC)CCCN)=O)=C1
,F5,O=C1OC2=CC(N(C)C)=CC=C2C(C(N(CCN(CC)CC)CCCN)=O)=C1
,F6,O=C1OC2=CC(N(C)C)=CC=C2C(C(N(C(CC)CC)CCCN)=O)=C1
,F7,O=C1OC2=CC(N(C)C)=CC=C2C(C(N(CCCN(C)C)CCCN)=O)=C1
,F8,O=C1OC2=CC(N(C)C)=CC=C2C(C(N(CC3CCC(C)CC3)CCCN)=O)=C1
,F9,O=C1OC2=CC(N(C)C)=CC=C2C(C(N(CCC(C)C)CCCN)=O)=C1
,F10,O=C1OC2=CC(N(C)C)=CC=C2C(C(N(CC3=CC(F)=C(F)C=C3)CCCN)=O)=C1
,F11,O=C1OC2=CC(N(C)C)=CC=C2C(C(N(CCC3=CC=CC=C3F)CCCN)=O)=C1
,G2,O=C1OC2=CC(N(C)C)=CC=C2C(C(N(CCC3=CC=C(C)C=C3)CCCN)=O)=C1
,G3,O=C1OC2=CC(N(C)C)=CC=C2C(C(N(CCC3=CC=CC=C3Cl)CCCN)=O)=C1
,G4,O=C1OC2=CC(N(C)C)=CC=C2C(C(N(CC3=CC(C(F)(F)F)=CC(C(F)(F)F)=C3)CCCN)=O)=C1
,G5,O=C1OC2=CC(N(C)C)=CC=C2C(C(N(CC3=CC=C(C(C)(C)C)C=C3)CCCN)=O)=C1
,G6,O=C1OC2=CC(N(C)C)=CC=C2C(C(N(CC3=C(Cl)C=C(Cl)C=C3)CCCN)=O)=C1
,G7,O=C1OC2=CC(N(C)C)=CC=C2C(C(N(CC(C3=CC=CC=C3)C4=CC=CC=C4)CCCN)=O)=C1
,G8,O=C1OC2=CC(N(C)C)=CC=C2C(C(N(CCCCCCCC)CCCN)=O)=C1
,G9,O=C1OC2=CC(N(C)C)=CC=C2C(C(N(CCCCCCCCCC)CCCN)=O)=C1
,G10,O=C1OC2=CC(N(C)C)=CC=C2C(C(N(CCC3=CC=C(Br)C=C3)CCCN)=O)=C1
,G11,O=C1OC2=CC(N(C)C)=CC=C2C(C(N(CC(C)CC)CCCN)=O)=C1
,H2,O=C1OC2=CC(N(C)C)=CC=C2C(C(N(CC3CC3)CCCN)=O)=C1
,H3,O=C1OC2=CC(N(C)C)=CC=C2C(C(N(CCCCCCCCCCC)CCCN)=O)=C1
,H4,O=C1OC2=CC(N(C)C)=CC=C2C(C(N(CCCCCCCCCCCCCCCC)CCCN)=O)=C1
,H5,O=C1OC2=CC(N(C)C)=CC=C2C(C(N(CCC3=CC=CC=C3C4=CC=CC=C4)CCCN)=O)=C1
,H6,O=C1OC2=CC(N(C)C)=CC=C2C(C(N(C(C)CC(C)C)CCCN)=O)=C1
,H7,O=C1OC2=CC(N(C)C)=CC=C2C(C(N(CC3=C(F)C=C(Cl)C=C3)CCCN)=O)=C1
,H8,O=C1OC2=CC(N(C)C)=CC=C2C(C(N(CC3=C(F)C=C(Br)C=C3)CCCN)=O)=C1
,H9,O=C1OC2=CC(N(C)C)=CC=C2C(C(N(CC3=CC=C(S(C)(=O)=O)C=C3)CCCN)=O)=C1
,H10,O=C1OC2=CC(N(C)C)=CC=C2C(C(N(CCCCCCCC\C=C/CCCCCCCCC)CCCN)=O)=C1
,H11,O=C1OC2=CC(N(C)C)=CC=C2C(C(N(CCC3=CC=C(Cl)C=C3)CCCN)=O)=C1
COR_Ac,A2,CCCCCCCCCCCCCN(CCCNC(C)=O)C(=O)c1cc(=O)oc2cc(N(C)C)ccc12
,A3,CC(=O)NCCCN(Cc1ccc2c(c1)OCO2)C(=O)c1cc(=O)oc2cc(N(C)C)ccc12
,A4,CCCCCCCCCCCCCCCCCN(CCCNC(C)=O)C(=O)c1cc(=O)oc2cc(N(C)C)ccc12
,A5,CC(=O)NCCCN(CC(C)c1ccccc1)C(=O)c1cc(=O)oc2cc(N(C)C)ccc12
,A6,CC(=O)NCCCN(CCC(C)(C)C)C(=O)c1cc(=O)oc2cc(N(C)C)ccc12
,A7,CC(=O)NCCCN(CCC(c1ccccc1)c1ccccc1)C(=O)c1cc(=O)oc2cc(N(C)C)ccc12
,A8,CC(=O)NCCCN(Cc1ccccc1C)C(=O)c1cc(=O)oc2cc(N(C)C)ccc12
,A9,CCOc1ccccc1CN(CCCNC(C)=O)C(=O)c1cc(=O)oc2cc(N(C)C)ccc12
,A10,CC(=O)NCCCN(C(=O)c1cc(=O)oc2cc(N(C)C)ccc12)C1CCN(Cc2ccccc2)CC1
,A11,COc1cccc(CN(CCCNC(C)=O)C(=O)c2cc(=O)oc3cc(N(C)C)ccc23)c1OC
,B2,CC(=O)NCCCc1ccccc1.CCCN.CN(C)c1ccc2c(C=O)cc(=O)oc2c1
,B3,CC(=O)NCCCN(Cc1c(Cl)cccc1Cl)C(=O)c1cc(=O)oc2cc(N(C)C)ccc12
,B4,CC(=O)NCCc1ccc(F)cc1.CCCN.CN(C)c1ccc2c(C=O)cc(=O)oc2c1
,B5,CCCN.CN(C)c1ccc2c(C=O)cc(=O)oc2c1.COCCCNC(C)=O
,B6,CCCN.CN(C)c1ccc2c(C=O)cc(=O)oc2c1.COCCCCNC(C)=O
,B7,COCCN(CCCNC(C)=O)C(=O)c1cc(=O)oc2cc(N(C)C)ccc12
,b8,COc1ccc(OC)c(CN(CCCNC(C)=O)C(=O)c2cc(=O)oc3cc(N(C)C)ccc23)c1
,B9,C.CCCCNC(C)=O.CCCN.CN(C)c1ccc2c(C=O)cc(=O)oc2c1
,B10,CCCCC(CC)OCCCNC(C)=O.CCCN.CN(C)c1ccc2c(C=O)cc(=O)oc2c1
,B11,CC(=O)NCCCN(Cc1ccc(F)cc1)C(=O)c1cc(=O)oc2cc(N(C)C)ccc12
,C2,CC(=O)NCCCN(Cc1cccc(F)c1)C(=O)c1cc(=O)oc2cc(N(C)C)ccc12
,C3,CC(=O)NCCCN(Cc1ccc(Cl)cc1)C(=O)c1cc(=O)oc2cc(N(C)C)ccc12
,C4,CCCC.CCCCNC(C)=O.CCCN.CN(C)c1ccc2c(C=O)cc(=O)oc2c1
,C5,CC(=O)NCCCN(Cc1ccc(-c2ccccc2)cc1)C(=O)c1cc(=O)oc2cc(N(C)C)ccc12
,C6,COc1cc(CN(CCCNC(C)=O)C(=O)c2cc(=O)oc3cc(N(C)C)ccc23)cc(OC)c1
,C7,CCCN.CN(C)c1ccc2c(C=O)cc(=O)oc2c1.COc1ccc(CCNC(C)=O)cc1OC
,C8,CCCN.CN(C)c1ccc2c(C=O)cc(=O)oc2c1.COc1ccccc1CCNC(C)=O
,C9,CC(=O)NCCCOC(C)C.CCCN.CN(C)c1ccc2c(C=O)cc(=O)oc2c1
,C10,C.CC(=O)NCCCCc1ccccc1.CCCN.CN(C)c1ccc2c(C=O)cc(=O)oc2c1
,C11,CCCCCCNC(C)=O.CCCN.CN(C)c1ccc2c(C=O)cc(=O)oc2c1
,D2,CC(=O)NCCCN(Cc1ccccc1Br)C(=O)c1cc(=O)oc2cc(N(C)C)ccc12
,D3,CC(=O)NCCCc1ccccc1.CCCN.CN(C)c1ccc2c(C=O)cc(=O)oc2c1
,D4,COc1cc(OC)c(CN(CCCNC(C)=O)C(=O)c2cc(=O)oc3cc(N(C)C)ccc23)c(OC)c1
,D5,CC(=O)NCCCN(Cc1cccc(F)c1F)C(=O)c1cc(=O)oc2cc(N(C)C)ccc12
,D6,COc1ccc(CN(CCCNC(C)=O)C(=O)c2cc(=O)oc3cc(N(C)C)ccc23)c(OC)c1
,D7,CC(=O)NCCc1ccc([N+](=O)[O-])cc1.CCCN.CN(C)c1ccc2c(C=O)cc(=O)oc2c1
,D8,CC(=O)NCCCN(Cc1ccccc1Cl)C(=O)c1cc(=O)oc2cc(N(C)C)ccc12
,D9,CCCCNC(C)=O.CCCN.CN(C)c1ccc2c(C=O)cc(=O)oc2c1
,D10,CC(=O)NCCCN(Cc1ccccc1)C(=O)c1cc(=O)oc2cc(N(C)C)ccc12
,D11,COc1ccc(CN(CCCNC(C)=O)C(=O)c2cc(=O)oc3cc(N(C)C)ccc23)cc1
,E2,CCCCCCCNC(C)=O.CCCN.CN(C)c1ccc2c(C=O)cc(=O)oc2c1
,E3,COc1cccc(CN(CCCNC(C)=O)C(=O)c2cc(=O)oc3cc(N(C)C)ccc23)c1
,E4,COc1ccccc1CN(CCCNC(C)=O)C(=O)c1cc(=O)oc2cc(N(C)C)ccc12
,e5,CC(=O)NCCCN(C(=O)c1cc(=O)oc2cc(N(C)C)ccc12)C(C)c1ccc(F)cc1
,E6,CCCN.CN(C)c1ccc2c(C=O)cc(=O)oc2c1.COc1ccc(CCNC(C)=O)cc1
,E7,CC(=O)NCCc1ccc(C)cc1.CCCN.CN(C)c1ccc2c(C=O)cc(=O)oc2c1
,E8,CC(=O)NCCc1cccc(C)c1.CCCN.CN(C)c1ccc2c(C=O)cc(=O)oc2c1
,E9,CC(=O)NCCc1ccc(F)cc1F.CCCN.CN(C)c1ccc2c(C=O)cc(=O)oc2c1
,E10,CC(=O)NCCCN(Cc1cccc(Cl)c1)C(=O)c1cc(=O)oc2cc(N(C)C)ccc12
,E11,CC(=O)NCCc1cccc(F)c1.CCCN.CN(C)c1ccc2c(C=O)cc(=O)oc2c1
,F2,CC(=O)NCCCN(Cc1cc(F)cc(F)c1)C(=O)c1cc(=O)oc2cc(N(C)C)ccc12
,F3,CC(=O)NCCCN(CCCN)C(=O)c1cc(=O)oc2cc(N(C)C)ccc12.CCCCCC
,F4,CCCCNC(C)=O.CCCN.CN(C)c1ccc2c(C=O)cc(=O)oc2c1
,F5,CCN(CC)CCN(CCCNC(C)=O)C(=O)c1cc(=O)oc2cc(N(C)C)ccc12
,F6,CC.CCCN.CCCNC(C)=O.CN(C)c1ccc2c(C=O)cc(=O)oc2c1
,F7,C.C.CC(=O)NCCCN(CCCN)C(=O)c1cc(=O)oc2cc(N(C)C)ccc12
,F8,CCC(C)CCCCNC(C)=O.CCCN.CN(C)c1ccc2c(C=O)cc(=O)oc2c1
,F9,CC(=O)NCCC(C)C.CCCN.CN(C)c1ccc2c(C=O)cc(=O)oc2c1
,F10,CC(=O)NCCCN(Cc1ccc(F)c(F)c1)C(=O)c1cc(=O)oc2cc(N(C)C)ccc12
,F11,CC(=O)NCCc1ccccc1F.CCCN.CN(C)c1ccc2c(C=O)cc(=O)oc2c1
,G2,CC(=O)NCCc1ccc(C)cc1.CCCN.CN(C)c1ccc2c(C=O)cc(=O)oc2c1
,G3,CC(=O)NCCc1ccccc1Cl.CCCN.CN(C)c1ccc2c(C=O)cc(=O)oc2c1
,G4,CC(=O)NCCCN(Cc1cc(C(F)(F)F)cc(C(F)(F)F)c1)C(=O)c1cc(=O)oc2cc(N(C)C)ccc12
,G5,CC(=O)NCCCN(Cc1ccc(C(C)(C)C)cc1)C(=O)c1cc(=O)oc2cc(N(C)C)ccc12
,G6,CC(=O)NCCCN(Cc1ccc(Cl)cc1Cl)C(=O)c1cc(=O)oc2cc(N(C)C)ccc12
,G7,CC(=O)NCCc1ccccc1.CCCN.CN(C)c1ccc2c(C=O)cc(=O)oc2c1.c1ccccc1
,G8,CCCCCCCCNC(C)=O.CCCN.CN(C)c1ccc2c(C=O)cc(=O)oc2c1
,G9,CCCCCCCCCCNC(C)=O.CCCN.CN(C)c1ccc2c(C=O)cc(=O)oc2c1
,G10,CC(=O)NCCc1ccc(Br)cc1.CCCN.CN(C)c1ccc2c(C=O)cc(=O)oc2c1
,G11,CC.CCCN.CCCNC(C)=O.CN(C)c1ccc2c(C=O)cc(=O)oc2c1
,H2,CCCCNC(C)=O.CCCN.CN(C)c1ccc2c(C=O)cc(=O)oc2c1
,H3,CCCCCCCCCCCNC(C)=O.CCCN.CN(C)c1ccc2c(C=O)cc(=O)oc2c1
,H4,CCCCCCCCCCCCCCCCNC(C)=O.CCCN.CN(C)c1ccc2c(C=O)cc(=O)oc2c1
,H5,CC(=O)NCCc1ccccc1-c1ccccc1.CCCN.CN(C)c1ccc2c(C=O)cc(=O)oc2c1
,H6,C.CC(=O)NCCC(C)C.CCCN.CN(C)c1ccc2c(C=O)cc(=O)oc2c1
,H7,CC(=O)NCCCN(Cc1ccc(Cl)cc1F)C(=O)c1cc(=O)oc2cc(N(C)C)ccc12
,H8,CC(=O)NCCCN(Cc1ccc(Br)cc1F)C(=O)c1cc(=O)oc2cc(N(C)C)ccc12
,H9,CC(=O)NCCCN(Cc1ccc(S(C)(=O)=O)cc1)C(=O)c1cc(=O)oc2cc(N(C)C)ccc12
,H10,CCCCCCCCC/C=C\CCCCCCCCNC(C)=O.CCCN.CN(C)c1ccc2c(C=O)cc(=O)oc2c1
,H11,CC(=O)NCCc1ccc(Cl)cc1.CCCN.CN(C)c1ccc2c(C=O)cc(=O)oc2c1
COR_CA,A2,CCCCCCCCCCCCCN(CCCNC(=O)CCl)C(=O)c1cc(=O)oc2cc(N(C)C)ccc12
,A3,CN(C)c1ccc2c(C(=O)N(CCCNC(=O)CCl)Cc3ccc4c(c3)OCO4)cc(=O)oc2c1
,A4,CCCCCCCCCCCCCCCCCN(CCCNC(=O)CCl)C(=O)c1cc(=O)oc2cc(N(C)C)ccc12
,A5,CC(CN(CCCNC(=O)CCl)C(=O)c1cc(=O)oc2cc(N(C)C)ccc12)c1ccccc1
,A6,CN(C)c1ccc2c(C(=O)N(CCCNC(=O)CCl)CCC(C)(C)C)cc(=O)oc2c1
,A7,CN(C)c1ccc2c(C(=O)N(CCCNC(=O)CCl)CCC(c3ccccc3)c3ccccc3)cc(=O)oc2c1
,A8,Cc1ccccc1CN(CCCNC(=O)CCl)C(=O)c1cc(=O)oc2cc(N(C)C)ccc12
,A9,CCOc1ccccc1CN(CCCNC(=O)CCl)C(=O)c1cc(=O)oc2cc(N(C)C)ccc12
,A10,CN(C)c1ccc2c(C(=O)N(CCCNC(=O)CCl)C3CCN(Cc4ccccc4)CC3)cc(=O)oc2c1
,A11,COc1cccc(CN(CCCNC(=O)CCl)C(=O)c2cc(=O)oc3cc(N(C)C)ccc23)c1OC
,B2,CCCN.CN(C)c1ccc2c(C=O)cc(=O)oc2c1.O=C(CCl)NCCCc1ccccc1
,B3,CN(C)c1ccc2c(C(=O)N(CCCNC(=O)CCl)Cc3c(Cl)cccc3Cl)cc(=O)oc2c1
,B4,CCCN.CN(C)c1ccc2c(C=O)cc(=O)oc2c1.O=C(CCl)NCCc1ccc(F)cc1
,B5,CCCN.CN(C)c1ccc2c(C=O)cc(=O)oc2c1.COCCCNC(=O)CCl
,B6,CCCN.CN(C)c1ccc2c(C=O)cc(=O)oc2c1.COCCCCNC(=O)CCl
,B7,COCCN(CCCNC(=O)CCl)C(=O)c1cc(=O)oc2cc(N(C)C)ccc12
,b8,COc1ccc(OC)c(CN(CCCNC(=O)CCl)C(=O)c2cc(=O)oc3cc(N(C)C)ccc23)c1
,B9,C.CCCCNC(=O)CCl.CCCN.CN(C)c1ccc2c(C=O)cc(=O)oc2c1
,B10,CCCCC(CC)OCCCNC(=O)CCl.CCCN.CN(C)c1ccc2c(C=O)cc(=O)oc2c1
,B11,CN(C)c1ccc2c(C(=O)N(CCCNC(=O)CCl)Cc3ccc(F)cc3)cc(=O)oc2c1
,C2,CN(C)c1ccc2c(C(=O)N(CCCNC(=O)CCl)Cc3cccc(F)c3)cc(=O)oc2c1
,C3,CN(C)c1ccc2c(C(=O)N(CCCNC(=O)CCl)Cc3ccc(Cl)cc3)cc(=O)oc2c1
,C4,CCCC.CCCCNC(=O)CCl.CCCN.CN(C)c1ccc2c(C=O)cc(=O)oc2c1
,C5,CN(C)c1ccc2c(C(=O)N(CCCNC(=O)CCl)Cc3ccc(-c4ccccc4)cc3)cc(=O)oc2c1
,C6,COc1cc(CN(CCCNC(=O)CCl)C(=O)c2cc(=O)oc3cc(N(C)C)ccc23)cc(OC)c1
,C7,CCCN.CN(C)c1ccc2c(C=O)cc(=O)oc2c1.COc1ccc(CCNC(=O)CCl)cc1OC
,C8,CCCN.CN(C)c1ccc2c(C=O)cc(=O)oc2c1.COc1ccccc1CCNC(=O)CCl
,C9,CC(C)OCCCNC(=O)CCl.CCCN.CN(C)c1ccc2c(C=O)cc(=O)oc2c1
,C10,C.CCCN.CN(C)c1ccc2c(C=O)cc(=O)oc2c1.O=C(CCl)NCCCCc1ccccc1
,C11,CCCCCCNC(=O)CCl.CCCN.CN(C)c1ccc2c(C=O)cc(=O)oc2c1
,D2,CN(C)c1ccc2c(C(=O)N(CCCNC(=O)CCl)Cc3ccccc3Br)cc(=O)oc2c1
,D3,CCCN.CN(C)c1ccc2c(C=O)cc(=O)oc2c1.O=C(CCl)NCCCc1ccccc1
,D4,COc1cc(OC)c(CN(CCCNC(=O)CCl)C(=O)c2cc(=O)oc3cc(N(C)C)ccc23)c(OC)c1
,D5,CN(C)c1ccc2c(C(=O)N(CCCNC(=O)CCl)Cc3cccc(F)c3F)cc(=O)oc2c1
,D6,COc1ccc(CN(CCCNC(=O)CCl)C(=O)c2cc(=O)oc3cc(N(C)C)ccc23)c(OC)c1
,D7,CCCN.CN(C)c1ccc2c(C=O)cc(=O)oc2c1.O=C(CCl)NCCc1ccc([N+](=O)[O-])cc1
,D8,CN(C)c1ccc2c(C(=O)N(CCCNC(=O)CCl)Cc3ccccc3Cl)cc(=O)oc2c1
,D9,CCCCNC(=O)CCl.CCCN.CN(C)c1ccc2c(C=O)cc(=O)oc2c1
,D10,CN(C)c1ccc2c(C(=O)N(CCCNC(=O)CCl)Cc3ccccc3)cc(=O)oc2c1
,D11,COc1ccc(CN(CCCNC(=O)CCl)C(=O)c2cc(=O)oc3cc(N(C)C)ccc23)cc1
,E2,CCCCCCCNC(=O)CCl.CCCN.CN(C)c1ccc2c(C=O)cc(=O)oc2c1
,E3,COc1cccc(CN(CCCNC(=O)CCl)C(=O)c2cc(=O)oc3cc(N(C)C)ccc23)c1
,E4,COc1ccccc1CN(CCCNC(=O)CCl)C(=O)c1cc(=O)oc2cc(N(C)C)ccc12
,e5,CC(c1ccc(F)cc1)N(CCCNC(=O)CCl)C(=O)c1cc(=O)oc2cc(N(C)C)ccc12
,E6,CCCN.CN(C)c1ccc2c(C=O)cc(=O)oc2c1.COc1ccc(CCNC(=O)CCl)cc1
,E7,CCCN.CN(C)c1ccc2c(C=O)cc(=O)oc2c1.Cc1ccc(CCNC(=O)CCl)cc1
,E8,CCCN.CN(C)c1ccc2c(C=O)cc(=O)oc2c1.Cc1cccc(CCNC(=O)CCl)c1
,E9,CCCN.CN(C)c1ccc2c(C=O)cc(=O)oc2c1.O=C(CCl)NCCc1ccc(F)cc1F
,E10,CN(C)c1ccc2c(C(=O)N(CCCNC(=O)CCl)Cc3cccc(Cl)c3)cc(=O)oc2c1
,E11,CCCN.CN(C)c1ccc2c(C=O)cc(=O)oc2c1.O=C(CCl)NCCc1cccc(F)c1
,F2,CN(C)c1ccc2c(C(=O)N(CCCNC(=O)CCl)Cc3cc(F)cc(F)c3)cc(=O)oc2c1
,F3,CCCCCC.CN(C)c1ccc2c(C(=O)N(CCCN)CCCNC(=O)CCl)cc(=O)oc2c1
,F4,CCCCNC(=O)CCl.CCCN.CN(C)c1ccc2c(C=O)cc(=O)oc2c1
,F5,CCN(CC)CCN(CCCNC(=O)CCl)C(=O)c1cc(=O)oc2cc(N(C)C)ccc12
,F6,CC.CCCN.CCCNC(=O)CCl.CN(C)c1ccc2c(C=O)cc(=O)oc2c1
,F7,C.C.CN(C)c1ccc2c(C(=O)N(CCCN)CCCNC(=O)CCl)cc(=O)oc2c1
,F8,CCC(C)CCCCNC(=O)CCl.CCCN.CN(C)c1ccc2c(C=O)cc(=O)oc2c1
,F9,CC(C)CCNC(=O)CCl.CCCN.CN(C)c1ccc2c(C=O)cc(=O)oc2c1
,F10,CN(C)c1ccc2c(C(=O)N(CCCNC(=O)CCl)Cc3ccc(F)c(F)c3)cc(=O)oc2c1
,F11,CCCN.CN(C)c1ccc2c(C=O)cc(=O)oc2c1.O=C(CCl)NCCc1ccccc1F
,G2,CCCN.CN(C)c1ccc2c(C=O)cc(=O)oc2c1.Cc1ccc(CCNC(=O)CCl)cc1
,G3,CCCN.CN(C)c1ccc2c(C=O)cc(=O)oc2c1.O=C(CCl)NCCc1ccccc1Cl
,G4,CN(C)c1ccc2c(C(=O)N(CCCNC(=O)CCl)Cc3cc(C(F)(F)F)cc(C(F)(F)F)c3)cc(=O)oc2c1
,G5,CN(C)c1ccc2c(C(=O)N(CCCNC(=O)CCl)Cc3ccc(C(C)(C)C)cc3)cc(=O)oc2c1
,G6,CN(C)c1ccc2c(C(=O)N(CCCNC(=O)CCl)Cc3ccc(Cl)cc3Cl)cc(=O)oc2c1
,G7,CCCN.CN(C)c1ccc2c(C=O)cc(=O)oc2c1.O=C(CCl)NCCc1ccccc1.c1ccccc1
,G8,CCCCCCCCNC(=O)CCl.CCCN.CN(C)c1ccc2c(C=O)cc(=O)oc2c1
,G9,CCCCCCCCCCNC(=O)CCl.CCCN.CN(C)c1ccc2c(C=O)cc(=O)oc2c1
,G10,CCCN.CN(C)c1ccc2c(C=O)cc(=O)oc2c1.O=C(CCl)NCCc1ccc(Br)cc1
,G11,CC.CCCN.CCCNC(=O)CCl.CN(C)c1ccc2c(C=O)cc(=O)oc2c1
,H2,CCCCNC(=O)CCl.CCCN.CN(C)c1ccc2c(C=O)cc(=O)oc2c1
,H3,CCCCCCCCCCCNC(=O)CCl.CCCN.CN(C)c1ccc2c(C=O)cc(=O)oc2c1
,H4,CCCCCCCCCCCCCCCCNC(=O)CCl.CCCN.CN(C)c1ccc2c(C=O)cc(=O)oc2c1
,H5,CCCN.CN(C)c1ccc2c(C=O)cc(=O)oc2c1.O=C(CCl)NCCc1ccccc1-c1ccccc1
,H6,C.CC(C)CCNC(=O)CCl.CCCN.CN(C)c1ccc2c(C=O)cc(=O)oc2c1
,H7,CN(C)c1ccc2c(C(=O)N(CCCNC(=O)CCl)Cc3ccc(Cl)cc3F)cc(=O)oc2c1
,H8,CN(C)c1ccc2c(C(=O)N(CCCNC(=O)CCl)Cc3ccc(Br)cc3F)cc(=O)oc2c1
,H9,CN(C)c1ccc2c(C(=O)N(CCCNC(=O)CCl)Cc3ccc(S(C)(=O)=O)cc3)cc(=O)oc2c1
,H10,CCCCCCCCC/C=C\CCCCCCCCNC(=O)CCl.CCCN.CN(C)c1ccc2c(C=O)cc(=O)oc2c1
,H11,CCCN.CN(C)c1ccc2c(C=O)cc(=O)oc2c1.O=C(CCl)NCCc1ccc(Cl)cc1
BIDAM,A2,CN1C(/C=C/C2=CC=C(N(CCF)C)C=C2)=[N+](CCCCCC(N(CCCCCCCCCCCCCCC)CCN)=O)C3=C1C=CC=C3
,A3,CN1C(/C=C/C2=CC=C(N(CCF)C)C=C2)=[N+](CCCCCC(N(CC3=CC(OCO4)=C4C=C3)CCN)=O)C5=C1C=CC=C5
,A4,CN1C(/C=C/C2=CC=C(N(CCF)C)C=C2)=[N+](CCCCCC(N(C(CC3=CC=CC=C3)C)CCN)=O)C4=C1C=CC=C4
,A5,CN1C(/C=C/C2=CC=C(N(CCF)C)C=C2)=[N+](CCCCCC(N(CC3=C(F)C=CC=C3F)CCN)=O)C4=C1C=CC=C4
,A6,CN1C(/C=C/C2=CC=C(N(CCF)C)C=C2)=[N+](CCCCCC(N(CCC(C)(C)C)CCN)=O)C3=C1C=CC=C3
,A7,CN1C(/C=C/C2=CC=C(N(CCF)C)C=C2)=[N+](CCCCCC(N(CCC(C3=CC=CC=C3)C4=CC=CC=C4)CCN)=O)C5=C1C=CC=C5
,A8,CN1C(/C=C/C2=CC=C(N(CCF)C)C=C2)=[N+](CCCCCC(N(CC3=C(C)C=CC=C3)CCN)=O)C4=C1C=CC=C4
,A9,CN1C(/C=C/C2=CC=C(N(CCF)C)C=C2)=[N+](CCCCCC(N(CC3=C(OCC)C=CC=C3)CCN)=O)C4=C1C=CC=C4
,A10,CN1C(/C=C/C2=CC=C(N(CCF)C)C=C2)=[N+](CCCCCC(N(CC3=C(OC)C(OC)=CC=C3)CCN)=O)C4=C1C=CC=C4
,A11,CN1C(/C=C/C2=CC=C(N(CCF)C)C=C2)=[N+](CCCCCC(N(CCCCC3=CC=CC=C3)CCN)=O)C4=C1C=CC=C4
,B2,CN1C(/C=C/C2=CC=C(N(CCF)C)C=C2)=[N+](CCCCCC(N(CC3=C(Cl)C=CC=C3Cl)CCN)=O)C4=C1C=CC=C4
,B3,CN1C(/C=C/C2=CC=C(N(CCF)C)C=C2)=[N+](CCCCCC(N(CCC3=CC=C(F)C=C3)CCN)=O)C4=C1C=CC=C4
,B4,CN1C(/C=C/C2=CC=C(N(CCF)C)C=C2)=[N+](CCCCCC(N(CCCOC)CCN)=O)C3=C1C=CC=C3
,B5,CN1C(/C=C/C2=CC=C(N(CCF)C)C=C2)=[N+](CCCCCC(N(CCOC)CCN)=O)C3=C1C=CC=C3
,B6,CN1C(/C=C/C2=CC=C(N(CCF)C)C=C2)=[N+](CCCCCC(N(C3CCCC3)CCN)=O)C4=C1C=CC=C4
,b7,CN1C(/C=C/C2=CC=C(N(CCF)C)C=C2)=[N+](CCCCCC(N(CC3=C(OC)C=CC(OC)=C3)CCN)=O)C4=C1C=CC=C4
,B8,CN1C(/C=C/C2=CC=C(N(CCF)C)C=C2)=[N+](CCCCCC(N(CCC3=C(OC)C(OC)=CC=C3)CCN)=O)C4=C1C=CC=C4
,B9,CN1C(/C=C/C2=CC=C(N(CCF)C)C=C2)=[N+](CCCCCC(N(CCCOCC(CC)CCCC)CCN)=O)C3=C1C=CC=C3
,B10,CN1C(/C=C/C2=CC=C(N(CCF)C)C=C2)=[N+](CCCCCC(N(CCC3=CC=C(CC)C=C3)CCN)=O)C4=C1C=CC=C4
,B11,CN1C(/C=C/C2=CC=C(N(CCF)C)C=C2)=[N+](CCCCCC(N(CC3=CC=C(F)C=C3)CCN)=O)C4=C1C=CC=C4
,C2,CN1C(/C=C/C2=CC=C(N(CCF)C)C=C2)=[N+](CCCCCC(N(CC3=CC(F)=CC=C3)CCN)=O)C4=C1C=CC=C4
,C3,CN1C(/C=C/C2=CC=C(N(CCF)C)C=C2)=[N+](CCCCCC(N(CC3=CC=C(Cl)C=C3)CCN)=O)C4=C1C=CC=C4
,C4,CN1C(/C=C/C2=CC=C(N(CCF)C)C=C2)=[N+](CCCCCC(N(C(CCCC)CC)CCN)=O)C3=C1C=CC=C3
,C5,CN1C(/C=C/C2=CC=C(N(CCF)C)C=C2)=[N+](CCCCCC(N(CC3=CC=C(C4=CC=CC=C4)C=C3)CCN)=O)C5=C1C=CC=C5
,C6,CN1C(/C=C/C2=CC=C(N(CCF)C)C=C2)=[N+](CCCCCC(N(CC3=CC(OC)=CC(OC)=C3)CCN)=O)C4=C1C=CC=C4
,C7,CN1C(/C=C/C2=CC=C(N(CCF)C)C=C2)=[N+](CCCCCC(N(CCC3=CC(OC)=C(OC)C=C3)CCN)=O)C4=C1C=CC=C4
,C8,CN1C(/C=C/C2=CC=C(N(CCF)C)C=C2)=[N+](CCCCCC(N(CC3=CN=C(Cl)C=C3)CCN)=O)C4=C1C=CC=C4
,C9,CN1C(/C=C/C2=CC=C(N(CCF)C)C=C2)=[N+](CCCCCC(N(CCC3=CC=CC=C3OC)CCN)=O)C4=C1C=CC=C4
,C10,CN1C(/C=C/C2=CC=C(N(CCF)C)C=C2)=[N+](CCCCCC(N(CCCOC(C)C)CCN)=O)C3=C1C=CC=C3
,C11,CN1C(/C=C/C2=CC=C(N(CCF)C)C=C2)=[N+](CCCCCC(N(C(C)CCC3=CC=CC=C3)CCN)=O)C4=C1C=CC=C4
,D2,CN1C(/C=C/C2=CC=C(N(CCF)C)C=C2)=[N+](CCCCCC(N(CCCCCCC)CCN)=O)C3=C1C=CC=C3
,D3,CN1C(/C=C/C2=CC=C(N(CCF)C)C=C2)=[N+](CCCCCC(N(CC3=CC(OC)=C(OC)C=C3)CCN)=O)C4=C1C=CC=C4
,D4,CN1C(/C=C/C2=CC=C(N(CCF)C)C=C2)=[N+](CCCCCC(N(CC3=C(Br)C=CC=C3)CCN)=O)C4=C1C=CC=C4
,D5,CN1C(/C=C/C2=CC=C(N(CCF)C)C=C2)=[N+](CCCCCC(N(CC3=CC=C(C(F)(F)F)C=C3)CCN)=O)C4=C1C=CC=C4
,D6,CN1C(/C=C/C2=CC=C(N(CCF)C)C=C2)=[N+](CCCCCC(N(CCCC3=CC=CC=C3)CCN)=O)C4=C1C=CC=C4
,D7,CN1C(/C=C/C2=CC=C(N(CCF)C)C=C2)=[N+](CCCCCC(N(CC3=CC(Br)=CC=C3)CCN)=O)C4=C1C=CC=C4
,D8,CN1C(/C=C/C2=CC=C(N(CCF)C)C=C2)=[N+](CCCCCC(N(CC3=CC(OC)=C(OC)C(OC)=C3)CCN)=O)C4=C1C=CC=C4
,D9,CN1C(/C=C/C2=CC=C(N(CCF)C)C=C2)=[N+](CCCCCC(N(CC3=C(OC)C=C(OC)C=C3)CCN)=O)C4=C1C=CC=C4
,D10,CN1C(/C=C/C2=CC=C(C=C2)N(C)CCF)=[N+](C3=C1C=CC=C3)CCCCCC(N(CCN)CCC4=CC=C([N+]([O-])=O)C=C4)=O
,D11,CN1C(/C=C/C2=CC=C(C=C2)N(C)CCF)=[N+](C3=C1C=CC=C3)CCCCCC(N(CCN)CC4=CC=C([N+]([O-])=O)C=C4)=O
,E3,CN1C(/C=C/C2=CC=C(C=C2)N(C)CCF)=[N+](C3=C1C=CC=C3)CCCCCC(N(CCN)CCCCC)=O
,E4,CN1C(/C=C/C2=CC=C(C=C2)N(C)CCF)=[N+](C3=C1C=CC=C3)CCCCCC(N(CCN)CC4=CC=CC=C4)=O
,E5,CN1C(/C=C/C2=CC=C(C=C2)N(C)CCF)=[N+](C3=C1C=CC=C3)CCCCCC(N(CCN)CC4=CC=CC=C4F)=O
,E6,CN1C(/C=C/C2=CC=C(C=C2)N(C)CCF)=[N+](C3=C1C=CC=C3)CCCCCC(N(CCN)CC4=CC=C(OC)C=C4)=O
,E7,CN1C(/C=C/C2=CC=C(C=C2)N(C)CCF)=[N+](C3=C1C=CC=C3)CCCCCC(N(CCN)CC4CCCCC4)=O
,E8,CN1C(/C=C/C2=CC=C(C=C2)N(C)CCF)=[N+](C3=C1C=CC=C3)CCCCCC(N(CCN)C(C)C4CCCCC4)=O
,E9,CN1C(/C=C/C2=CC=C(C=C2)N(C)CCF)=[N+](C3=C1C=CC=C3)CCCCCC(N(CCN)CC4=CC(OC)=CC=C4)=O
,E10,CN1C(/C=C/C2=CC=C(C=C2)N(C)CCF)=[N+](C3=C1C=CC=C3)CCCCCC(N(CCN)CC4=C(OC)C=CC=C4)=O
,E11,CN1C(/C=C/C2=CC=C(C=C2)N(C)CCF)=[N+](C3=C1C=CC=C3)CCCCCC(N(CCN)C(C)C4=CC=C(F)C=C4)=O
,F2,CN1C(/C=C/C2=CC=C(N(CCF)C)C=C2)=[N+](CCCCCC(N(CCC3=CC=C(OC)C=C3)CCN)=O)C4=C1C=CC=C4
,F3,CN1C(/C=C/C2=CC=C(N(CCF)C)C=C2)=[N+](CCCCCC(N(CCC3=CC=C(C)C=C3)CCN)=O)C4=C1C=CC=C4
,F4,CN1C(/C=C/C2=CC=C(N(CCF)C)C=C2)=[N+](CCCCCC(N(CCC3=CC(C)=CC=C3)CCN)=O)C4=C1C=CC=C4
,F5,CN1C(/C=C/C2=CC=C(N(CCF)C)C=C2)=[N+](CCCCCC(N(CC3=C(F)C=C(F)C=C3)CCN)=O)C4=C1C=CC=C4
,F6,CN1C(/C=C/C2=CC=C(N(CCF)C)C=C2)=[N+](CCCCCC(N(CC3=CC(Cl)=CC=C3)CCN)=O)C4=C1C=CC=C4
,F7,CN1C(/C=C/C2=CC=C(N(CCF)C)C=C2)=[N+](CCCCCC(N(CCC3=CC(F)=CC=C3)CCN)=O)C4=C1C=CC=C4
,F8,CN1C(/C=C/C2=CC=C(N(CCF)C)C=C2)=[N+](CCCCCC(N(CCCCCCCCCCC)CCN)=O)C3=C1C=CC=C3
,F9,CN1C(/C=C/C2=CC=C(N(CCF)C)C=C2)=[N+](CCCCCC(N(CC3=CC(F)=CC(F)=C3)CCN)=O)C4=C1C=CC=C4
,F10,CN1C(/C=C/C2=CC=C(N(CCF)C)C=C2)=[N+](CCCCCC(N(CCCCC)CCN)=O)C3=C1C=CC=C3
,F11,CN1C(/C=C/C2=CC=C(N(CCF)C)C=C2)=[N+](CCCCCC(N(C(CC)CC)CCN)=O)C3=C1C=CC=C3
,G2,CN1C(/C=C/C2=CC=C(N(CCF)C)C=C2)=[N+](CCCCCC(N(C3CCCCC3C)CCN)=O)C4=C1C=CC=C4
,G3,CN1C(/C=C/C2=CC=C(N(CCF)C)C=C2)=[N+](CCCCCC(N(CCCCC)CCN)=O)C3=C1C=CC=C3
,G4,CN1C(/C=C/C2=CC=C(N(CCF)C)C=C2)=[N+](CCCCCC(N(C3CCC(C)CC3)CCN)=O)C4=C1C=CC=C4
,G5,CN1C(/C=C/C2=CC=C(N(CCF)C)C=C2)=[N+](CCCCCC(N(CCC(C)C)CCN)=O)C3=C1C=CC=C3
,G6,CN1C(/C=C/C2=CC=C(N(CCF)C)C=C2)=[N+](CCCCCC(N(C3CCCCCC3)CCN)=O)C4=C1C=CC=C4
,G7,CN1C(/C=C/C2=CC=C(N(CCF)C)C=C2)=[N+](CCCCCC(N(CC3=CC=CO3)CCN)=O)C4=C1C=CC=C4
,G8,CN1C(/C=C/C2=CC=C(N(CCF)C)C=C2)=[N+](CCCCCC(N(CC3=CC(F)=CC=C3F)CCN)=O)C4=C1C=CC=C4
,G9,CN1C(/C=C/C2=CC=C(N(CCF)C)C=C2)=[N+](CCCCCC(N(CC3=CC=C(F)C(F)=C3)CCN)=O)C4=C1C=CC=C4
,G10,CN1C(/C=C/C2=CC=C(N(CCF)C)C=C2)=[N+](CCCCCC(N(CCC3=CC=CC=C3F)CCN)=O)C4=C1C=CC=C4
,G11,CN1C(/C=C/C2=CC=C(N(CCF)C)C=C2)=[N+](CCCCCC(N(CCC3=CC=CC=C3Cl)CCN)=O)C4=C1C=CC=C4
,H2,CN1C(/C=C/C2=CC=C(N(CCF)C)C=C2)=[N+](CCCCCC(N(CCC3=CC(Cl)=CC=C3Cl)CCN)=O)C4=C1C=CC=C4
,H3,CN1C(/C=C/C2=CC=C(N(CCF)C)C=C2)=[N+](CCCCCC(N(CC(C3=CC=CC=C3)C4=CC=CC=C4)CCN)=O)C5=C1C=CC=C5
,H4,CN1C(/C=C/C2=CC=C(N(CCF)C)C=C2)=[N+](CCCCCC(N(CC3=CC(Cl)=C(Cl)C=C3)CCN)=O)C4=C1C=CC=C4
,H5,CN1C(/C=C/C2=CC=C(N(CCF)C)C=C2)=[N+](CCCCCC(N(CCC3=CC=C(Br)C=C3)CCN)=O)C4=C1C=CC=C4
,H6,CN1C(/C=C/C2=CC=C(N(CCF)C)C=C2)=[N+](CCCCCC(N(CC(C)CC)CCN)=O)C3=C1C=CC=C3
,H7,CN1C(/C=C/C2=CC=C(N(CCF)C)C=C2)=[N+](CCCCCC(N(CC3=CC=C(Cl)C=C3F)CCN)=O)C4=C1C=CC=C4
,H8,CN1C(/C=C/C2=CC=C(N(CCF)C)C=C2)=[N+](CCCCCC(N(CCCCCCCC\C=C/CCCCCCCC)CCN)=O)C3=C1C=CC=C3
,H9,CN1C(/C=C/C2=CC=C(N(CCF)C)C=C2)=[N+](CCCCCC(N(CCCNC(OC(C)(C)C)=O)CCN)=O)C3=C1C=CC=C3
,H10,CN1C(/C=C/C2=CC=C(N(CCF)C)C=C2)=[N+](CCCCCC(N(CCC3=CC=C(Cl)C=C3)CCN)=O)C4=C1C=CC=C4
,H11,CN1C(/C=C/C2=CC=C(N(CCF)C)C=C2)=[N+](CCCCCC(N(CCC3=CC=C(Cl)C=C3Cl)CCN)=O)C4=C1C=CC=C4